7516042496456,-0.19752164,1.6962919,10.03769
7516242371706,-0.045489833,1.9488802,8.316259
7516442362123,2.2146366,-6.039374,11.530476
7516632769998,1.6101006,-7.7344685,3.9683893
7516834215123,1.4915876,-9.494206,3.6248214
7517034794248,1.7298107,-11.68131,4.619612
7517223150998,-0.49200845,-9.064447,1.3706805
7517422372082,-0.59495914,-8.265982,2.372654
7517622169623,1.2425907,-13.450625,4.900931
7517822268123,1.7812861,-7.386112,-0.29927522
7518022282623,2.3523033,-8.349778,1.1587936
7518222259957,1.352724,-9.635465,1.7322049
7518421950332,-0.29328972,-4.9703627,1.3694834
7518621884165,4.4304705,-13.656527,7.8529816
7518822351582,2.1033063,-16.403873,1.5825673
7519022377457,1.7226281,-5.121197,1.9835961
7519222485541,4.214992,-15.88074,8.033744
7519413484749,-0.8822633,-7.4711065,0.6380547
7519614336749,2.846706,-10.710462,5.555745
7519813518374,2.2996306,-8.932767,2.3762453
7520013389791,1.1324574,-4.8338933,1.5705963
7520214705958,1.9572599,-11.777079,4.3382936
7520412979125,-0.7230489,-12.485762,1.673547
7520613430541,1.8590976,-6.8785415,2.4372973
7520814228250,2.7521348,-14.592659,5.2121773
7521012881167,2.2361844,-5.7149596,0.21068975
7521213501833,3.570952,-9.901221,7.5800424
7521414130000,1.1001357,-9.350554,0.23104046
7521613448709,-0.2741361,-8.534132,2.445677
7521813406084,5.553351,-12.978968,5.614403
7522015038917,2.0602105,-6.2500634,-0.29568392
7522213098000,3.0107086,-8.018182,0.9720459
7522413084584,1.34195,-12.8448925,2.991555
7522614191501,0.7493851,-5.4168816,0.6584055
7522813280251,2.7928362,-12.913127,5.2959743
7523012822626,3.0226796,-13.533225,1.0079589
7523214371751,2.5905263,-5.875371,2.360683
7523413314293,3.7014358,-12.02009,6.1746464
7523613896293,-0.4417302,-15.166071,0.78290397
7523802460001,0.6775591,-7.03177,1.2964603
7524002820710,1.9428947,-13.230358,4.050989
7524202431335,1.471237,-9.882068,0.11611878
7524402393960,2.861071,-6.872556,1.8411411
7524601921960,2.3834279,-14.318523,4.0940847
7524802313752,-0.770933,-7.457938,-0.878672
7525002462002,2.5306711,-9.985018,2.0087352
7525202335960,2.3331497,-10.514136,2.7114334
7525402394210,2.468422,-4.969166,0.91578215
7525592791419,1.6938977,-13.486538,3.1962593
7525794875294,1.1145009,-11.389217,1.2785037
7525993320252,0.2681506,-6.587646,1.1563994
7526193239252,5.422867,-11.880029,12.146982
7526393786919,1.5861586,-11.774684,1.1145009
7526593317961,2.27928,-6.4140663,1.9165585
7526793305503,2.6743233,-13.676877,7.2604165
7526994013503,0.47764325,-9.613917,0.9792285
7527193307420,-0.1400608,-7.800309,3.1794999
7527393310211,1.5849615,-15.277401,4.6818614
7527594371170,2.6036944,-7.4387846,-0.45848963
7527793312086,3.2130187,-8.12592,1.3718776
7527993320253,1.8495208,-10.3214035,2.0458453
7528194076420,0.7350199,-7.627927,0.60573304
7528382408003,1.6519991,-10.290278,2.1523874
7528582302920,2.7461493,-11.349713,3.4715924
7528782360795,1.875857,-6.3482256,0.21308395
7528982395795,2.2852654,-9.907207,2.087744
7529182175170,1.496376,-8.932767,2.078167
7529382358212,1.3084313,-7.1945763,2.172738
7529582351212,0.89543146,-9.696517,3.4081461
7529782379046,1.4891934,-11.377247,3.4117374
7529982646754,1.1911154,-6.1387334,1.7118542
7530171972088,4.4436383,-12.670115,9.294291
7530362780588,0.93373865,-11.941081,-0.023942016
7530562359088,1.2485762,-6.879739,0.8475474
7530762370213,1.6220716,-13.049597,4.0701427
7530962151838,1.9656396,-8.257602,-0.37349546
7531162329130,1.9189527,-7.6243353,0.7745243
7531362262963,2.9831753,-13.755886,3.550601
7531562374213,0.1604115,-7.026982,0.5722142
7531762344422,0.59376204,-9.956287,1.1085154
7531962346547,2.3199813,-9.743204,2.2002714
7532154397005,2.0458453,-4.1371803,-0.08619126
7532342257755,1.4317327,-13.843274,4.572925
7532542363630,1.9979613,-11.9374895,-0.80086046
7532733283880,0.973243,-5.3462524,3.8474822
7532933947172,1.246182,-12.76708,3.4596214
7533133451006,2.054225,-12.265495,-0.30286652
7533333100006,1.9991584,-6.989872,1.4820108
7533531721339,2.6036944,-14.8033495,3.8474822
7533722025631,0.7398083,-8.987833,0.095768064
7533922237673,0.65242,-8.24204,3.071761
7534122081006,2.3822308,-14.383166,5.604826
7534322354798,1.3754689,-6.443994,0.05267244
7534522313923,2.0123265,-8.907627,7.025785
7534722119381,0.3866636,-11.455058,2.3511062
7534922316507,0.05267244,-5.2205567,0.5793968
7535121978215,1.1707647,-11.394006,4.6124296
7535313469465,2.098518,-8.182184,2.2984335
7535514567257,0.59495914,-6.0130377,0.1592144
7535713307132,2.2493525,-11.991359,2.8502972
7535902224965,0.005985504,-11.212047,-0.02873042
7536102464965,1.3012487,-7.302315,3.4703953
7536294042799,1.2641385,-12.8688345,3.8271315
7536493060632,3.3195608,-10.336966,-1.0283096
7536693321674,2.6803088,-7.681796,4.667496
7536894063507,1.2198458,-11.954249,3.9719806
7537093320799,0.06943185,-6.637924,-0.22505496
7537293807758,0.46926352,-9.975441,6.0824695
7537494865091,2.943671,-8.39886,1.9895816
7537692733508,0.033518825,-6.25964,0.82480246
7537892664550,3.4608185,-13.314156,6.169858
7538093724800,-1.4221559,-12.512098,-2.1057005
7538292850675,2.2158337,-6.7827735,1.6424223
7538492754383,2.992752,-14.621389,3.2142158
7538693749883,2.72939,-7.1143703,-0.17477672
7538874651925,2.3223755,-8.050503,3.9791632
7539073521384,1.8938135,-10.104729,4.146757
7539273507509,0.7182605,-6.7708025,0.37588966
7539474488759,1.3024458,-10.217256,1.9369092
7539673682467,2.9233203,-8.916007,1.3754689
7539873485134,0.23582886,-6.567295,-0.046686932
7540074163259,3.1064768,-12.756307,4.534618
7540273427301,1.021127,-12.071565,-0.37948096
7540473555801,2.885013,-6.066907,5.1822495
7540674275509,2.0973208,-13.363236,4.6686935
7540873437259,2.8886044,-9.423578,-0.8750807
7541073520134,1.9608512,-8.37372,4.1144357
7541274489343,0.20350714,-11.604695,3.369839
7541473462135,0.7733272,-5.7628436,0.7338228
7541673873551,0.533907,-9.91798,6.9743094
7541874298468,2.7090392,-8.767567,2.2709002
7542073678052,-0.17477672,-6.3949127,1.2497733
7542273137468,0.81283146,-13.351266,5.127183
7542474220968,-0.676362,-12.162544,-1.8136078
7542673395219,0.7745243,-6.5230026,7.0425444
7542862205177,1.0247183,-14.147338,4.832696
7543062218885,3.3446999,-9.463082,-1.3084313
7543254847177,2.8167782,-9.14226,5.067328
7543453282969,2.0817583,-12.825739,3.168726
7543641901052,0.7110779,-7.4148426,-0.39264908
7543842356719,1.1372458,-9.012972,7.2628107
7544042043844,2.9879637,-9.239224,3.618836
7544241736886,1.3132197,-4.92607,1.5286977
7544442471761,3.4931402,-11.303026,7.061698
7544642180178,1.353921,-11.741165,-0.19033903
7544842024095,2.1404164,-5.959168,2.8933928
7545042228553,2.4863784,-13.545197,2.6635494
7545242331386,3.321955,-9.885659,-0.7565677
7545442330303,1.6591818,-8.305486,4.0665517
7545641655053,-1.8686744,-10.808623,1.4173675
7545841813970,0.59256494,-6.7145386,0.58777654
7546042181928,1.496376,-9.610326,2.7988217
7546241946179,2.5965118,-7.953538,1.6879122
7546442216470,0.47524905,-5.7400985,0.19991584
7546641868970,1.5825673,-13.393165,5.7879825
7546833038554,1.258153,-11.000159,-2.5139117
7547034743137,0.5662287,-6.9000893,4.5645456
7547233048262,1.7393875,-14.950592,3.0573955
7547432671512,0.51595044,-7.836222,0.24061728
7547633969263,2.7856536,-7.153875,5.461174
7547822194096,0.59735334,-11.385626,2.4025815
7548022253721,0.7721301,-6.1411276,1.4401124
7548221831721,0.8439561,-10.426748,3.4883518
7548422260513,3.551798,-8.98903,0.90859956
7548622229971,0.31124622,-6.3601966,0.050278235
7548822239721,1.5035586,-13.669695,1.9440918
7549022459847,-0.0011971008,-10.933122,-1.2557588
7549221814930,0.9864111,-6.6654577,6.0010667
7549413422888,1.7705121,-15.605407,5.0984526
7549613560139,2.5007436,-7.201759,-0.78888947
7549812858680,1.1623849,-8.584411,6.290765
7550012929847,-0.45729253,-10.579977,4.1000705
7550202146972,0.7625532,-6.631939,2.1057005
7550401762806,1.8842367,-11.048044,3.333926
7550602227264,2.0039468,-9.801862,0.50158525
7550802131347,0.427365,-7.6291237,-1.4329298
7551002143431,1.6424223,-15.606604,2.6635494
7551202141681,0.5734113,-9.846154,-0.9864111
7551402163723,-0.712275,-7.7703815,3.705027
7551602160181,1.638831,-12.934674,3.8618474
7551802936931,0.47524905,-6.30513,0.16759412
7552001988306,2.5318682,-9.361329,10.230424
7552202175306,0.93254155,-9.591172,-1.1121067
7552402131265,2.48159,-5.105635,5.5162406
7552602454807,2.1033063,-12.4630165,5.069722
7552802134598,2.7377696,-10.785878,-2.2457612
7553002156057,1.0426749,-7.4232225,1.8171991
7553202171349,2.456451,-15.354015,4.19943
7553402142557,-0.48482585,-9.396045,0.40222588
7553602172015,0.3172317,-9.375694,1.6819267
7553801704016,1.6316484,-11.528081,2.5222914
7554001765682,1.1456255,-6.5924344,-0.047884032
7554202347557,1.9500773,-8.054094,2.6599581
7554393084141,0.14604631,-8.619126,2.9508536
7554594451433,3.168726,-5.494693,5.6431336
7554793264474,1.3623008,-11.449073,2.9041667
7554993067433,2.6551697,-9.518148,-0.82360536
7555193946058,1.9321208,-6.673837,3.0334535
7555381758516,3.775656,-12.0727625,5.439626
7555581996975,-0.053869538,-9.801862,3.3327289
7555773079308,-0.58897364,-8.619126,2.1045034
7555962113683,-0.48362875,-14.12579,4.735731
7556162219808,1.2749124,-5.861006,0.94092125
7556362029433,0.7589619,-9.137471,3.8750155
7556561658017,-1.5023615,-11.425131,0.60693014
7556761919600,2.0242975,-5.0481744,3.7002387
7556961621350,1.5191209,-12.780249,4.3275194
7557162073059,-0.14844051,-11.923124,-3.678691
7557362213892,0.5279215,-7.45315,2.574964
7557562054392,0.015562311,-14.6680765,7.811083
7557761937559,-0.8798691,-7.5094137,3.1615434
7557962100851,-0.3842694,-9.190144,3.1986535
7558161993268,1.7477672,-9.537302,1.5933412
7558361680559,0.1316811,-6.1650696,1.4700398
7558551661893,0.60812724,-12.112267,2.7461493
7558741976268,-1.6412252,-12.926295,-2.3714569
7558941805560,1.9895816,-5.5006785,4.5501804
7559142484810,3.277662,-12.644977,5.567716
7559333902435,3.277662,-9.940725,-1.4748282
7559533030227,2.184709,-7.941567,5.685032
7559733082143,-0.05267244,-11.07438,4.0797195
7559933501352,0.41060558,-6.757634,1.3000516
7560133648185,-0.005985504,-10.733206,2.3546975
7560333045435,2.2649148,-9.8042555,0.8834604
7560534460477,0.17357962,-6.0321913,1.0690111
7560733098602,0.6667852,-13.048399,2.7281928
7560932748352,-2.8167782,-12.293029,-0.19752164
7561133397352,-0.44891283,-7.3729444,4.4663835
7561332544227,-1.2282255,-14.976929,5.5820813
7561533055853,0.29448682,-5.213374,1.9895816
7561734309394,1.7441759,-10.477027,3.7253778
7561932519853,-2.1894975,-13.363236,-2.4037786
7562133048520,2.8419175,-3.5087025,6.432023
7562331526561,2.5210943,-12.33373,5.8825536
7562522195395,2.9281087,-13.289017,-3.0873232
7562722079436,1.0127473,-6.9144545,5.2744265
7562913220812,1.9991584,-12.998121,4.509479
7563113927520,-0.5746084,-9.738416,2.8275523
7563313049020,-0.16519992,-8.127118,1.9919758
7563502122270,1.520318,-11.942278,2.5773582
7563701898729,0.30286652,-5.1020436,0.93972415
7563902072229,3.4153287,-10.06283,3.3123782
7564102052562,-1.1575965,-12.135012,-0.5279215
7564302647729,1.7621324,-4.104859,2.5115175
7564502311896,2.4863784,-12.140997,4.6363716
7564702185771,3.3147724,-10.212467,-1.2246342
7564901939021,1.3096284,-7.097611,7.053318
7565102105979,2.5713725,-11.818976,6.4416
7565302097771,0.94211835,-7.3525934,1.8339585
7565502118688,-0.40222588,-9.172187,2.0506337
7565702282771,1.3455414,-10.238804,-1.875857
7565901805521,0.59855044,-4.8494554,2.3930047
7566101873063,2.7940333,-11.906365,5.357026
7566302435063,-1.1288661,-13.946225,-1.3934253
7566502096730,1.0259154,-4.8482585,3.3087866
7566693765980,2.4384944,-13.512875,5.613206
7566893447397,4.4101195,-8.078036,-0.45609543
7567093051522,1.6136919,-8.00621,5.5641246
7567293077564,-1.1755531,-11.820174,1.541866
7567494381355,0.7661445,-6.5684924,4.237737
7567693197064,0.6476316,-9.982624,4.855441
7567893310606,1.9273324,-9.592369,0.12808979
7568094610939,-0.09696517,-5.657499,4.8722005
7568292756814,2.6982653,-12.21402,5.922058
7568493054564,1.0893618,-12.11466,-1.2808979
7568693921648,0.3890578,-6.3829417,2.7365725
7568893106314,2.1140802,-17.71829,5.746084
7569093076273,3.3039982,-6.4392056,0.9804256
7569293900690,1.8171991,-8.834604,6.1638722
7569492990815,0.5410896,-11.372458,0.59855044
7569682039731,1.875857,-6.1195793,5.8741736
7569873088982,0.7589619,-10.059238,5.0876784
7570062281148,0.82599956,-9.475053,-1.5586253
7570262036690,-0.5291186,-5.345055,6.007052
7570461766648,2.5091233,-12.966996,7.097611
7570661566107,0.029927522,-12.382812,0.545878
7570862118149,0.82001406,-5.8622026,2.3116016
7571061888524,2.597709,-17.232267,6.703765
7571262099107,3.052607,-6.727707,0.055066638
7571462087024,1.8674773,-8.072051,3.0789435
7571661567441,0.6799533,-10.338163,-0.25498247
7571852974857,2.432509,-5.473145,4.8159366
7572052073899,0.18794483,-10.662578,6.302736
7572242028483,3.0561984,-10.740389,2.007538
7572433022441,0.21787235,-6.551733,1.1432313
7572621861150,2.4875755,-12.248735,3.678691
7572821630400,-0.24779987,-12.91193,-2.657564
7573022034650,1.2366052,-5.9531827,2.207454
7573222188858,1.7154455,-16.429012,5.9424086
7573422038400,2.0278888,-8.280347,0.47644615
7573622022400,2.7569232,-8.798691,4.0438066
7573813033692,0.8846575,-11.246762,3.8271315
7574012816400,1.1707647,-6.9719152,2.2469583
7574214646025,0.90859956,-10.463859,2.0494366
7574409545234,2.7844565,-9.222465,-0.30765492
7574601657650,-0.61171854,-6.4523735,4.9105077
7574801800692,2.4744074,-12.448651,4.865018
7574994057484,-0.8702923,-13.008895,-1.9045875
7575194224734,1.22224,-5946,3.642778
7575393204567,2.2290018,-14.411897,7.061698
7575593855901,1.5095441,-8.426393,-0.89662856
7575782168651,2.2266076,-7.6027875,5.9687448
7575982145734,-0.62728083,-11.711238,5.317522
7576182331693,0.19752164,-7.025785,0.11731588
7576375156110,-0.035913024,-9.44752,2.730587
7576562103526,2.0015526,-9.324219,1.2749124
7576761997235,-0.58657944,-5.3486466,2.3439236
7576952570360,1.3670892,-11.717223,4.0761285
7577154268027,-1.1599907,-11.84651,-0.34356794
7577342101652,2.2290018,-4.7500963,4.643554
7577541629277,2.4229321,-11.935096,6.82946
7577741578360,2.706645,-10.737994,-0.91099375
7577942095985,-0.7493851,-9.417592,6.525397
7578133214819,1.9512744,-13.660118,8.438364
7578322017194,1.0630256,-7.854179,-0.47524905
7578522042944,1.3036429,-8.597578,2.9903579
7578722032777,2.8874073,-9.89763,4.0533834
7578921583028,1.412579,-4.4639893,1.8195933
7579112960569,2.066196,-11.238382,3.0430303
7579313791194,-2.373851,-13.012486,-2.3008277
7579513378819,2.873042,-4.7058034,4.1946416
7579712773111,1.8219875,-12.951434,5.771223
7579913593195,3.016694,-9.999383,-2.3762453
7580113029653,0.05865794,-7.3873096,6.787562
7580302719653,3.9492357,-14.283808,8.462306
7580502117362,1.6663644,-7.369353,0.60812724
7580701987153,0.6931214,-8.631097,2.834735
7580902111945,3.071761,-7.967903,1.8555063
7581102129945,0.7505822,-5.1140146,0.48482585
7581301658654,2.5151088,-11.707646,3.0657754
7581502120029,0.36750996,-12.876017,-0.7769185
7581701616362,1.0881647,-5.8143187,4.4675803
7581902081946,2.6168625,-14.984112,5.0996494
7582101752987,3.739743,-8.190564,-0.7673417
7582302412779,0.12569559,-7.7201033,7.36217
7582501996279,-0.39983168,-10.907983,5.3678
7582702104821,0.80924016,-6.89171,1.079785
7582902421238,0.8798691,-9.68694,2.4277205
7583102004238,2.542642,-9.165004,1.3120226
7583301925238,0.22864626,-6.337452,1.6101006
7583501991363,3.8031895,-12.485762,3.2836475
7583693559280,-0.90859956,-13.406332,-1.9009962
7583893022113,3.309984,-4.784812,7.489063
7584093014863,2.0147207,-12.928689,6.585252
7584294646988,3.2106245,-9.494206,-1.4951789
7584493040905,2.5151088,-8.063671,5.4420204
7584693069155,0.14844051,-8.925584,2.8191724
7584893802072,2.086547,-5.819107,4.630386
7585093508739,0.14844051,-11.656171,3.0358477
7585293655656,3.9612067,-13.176489,0.94211835
7585493792156,0.7625532,-6.327875,1.922544
7585693141489,1.7513585,-13.24233,3.323152
7585893020656,-0.8523358,-10.720038,0.12928689
7586091517864,1.0031705,-6.8761473,6.315904
7586281910364,0.91338795,-15.823279,6.7109475
7586482064614,2.8491,-6.3925185,-0.37110126
7586681934740,1.4760253,-8.559271,5.112818
7586881917531,-0.5470751,-10.296265,2.4109612
7587081718406,1.3024458,-6.005855,2.9580362
7587282343281,0.6979098,-11.877635,3.2968156
7587482096740,2.2864625,-12.995727,2.100912
7587681976157,0.50996494,-8.169016,1.4209588
7587873213115,1.0019734,-12.3876,0.90141696
7588074796699,-0.08140286,-8.966286,0.4261679
7588273086990,-0.22864626,-8.267179,4.7884035
7588473177657,2.2301989,-12.061988,4.68665
7588673941282,0.25139117,-5.380968,1.4891934
7588873033407,2.6120741,-9.267955,3.0095115
7589072880074,0.4297592,-12.089521,-0.51595044
7589274067491,1.9692309,-4.3514614,4.507085
7589473254366,2.0099323,-11.134235,4.8578353
7589673195533,3.429694,-11.748347,-2.0278888
7589874299241,1.4784195,-7.3166804,6.0645127
7590072746991,1.8183962,-12.170924,7.4208283
7590273315491,1.1480197,-7.1766195,0.5398925
7590473538200,0.6655881,-8.955511,2.8802247
7590672795283,2.9149406,-8.529344,1.541866
7590873096617,-0.1328782,-7.309498,1.7968484
7591073779783,2.6551697,-12.575544,3.4380736
7591273110325,-0.7302315,-13.763068,-0.89184016
7591473220867,2.006341,-5.1247888,5.8095303
7591671486534,2.621651,-17.113754,7.926005
7591861419450,3.1866825,-7.7691846,-0.8882488
7592061843700,2.3953989,-8.51857,4.5154643
7592252956034,-1.3455414,-9.690532,4.820725
7592441995117,1.3503298,-7.3968863,1.0749966
7592641990201,0.2741361,-9.271546,1.9764135
7592842001867,2.1392193,-8.377312,1.3742718
7593033024618,0.50637364,-6.3589997,0.17118542
7593233254076,2.3127987,-11.7782755,2.9496565
7593432425576,-1.6340426,-14.239514,-2.4408886
7593632967535,2.3882163,-5.070919,8.220491
7593831466535,1.5981296,-13.733141,6.715736
7594021961160,3.0310593,-9.895236,-2.920926
7594222014785,0.81881696,-7.9463553,4.4783545
7594422032452,-1.151611,-10.263943,4.699818
7594622237077,0.81163436,-6.728904,0.31004912
7594822132868,1.0726024,-9.386468,3.3039982
7595021832994,2.2337902,-8.815451,1.5059528
7595222024619,0.89064306,-5.9364233,2.7736826
7595421949452,1.6651673,-12.708423,4.1383777
7595621944410,-0.92416185,-12.901155,-2.3139958
7595821694744,0.7110779,-5.6347537,2.9233203
7596021905494,1.8136078,-14.736312,5.717354
7596221835119,2.873042,-6.5469446,-0.19991584
7596421739119,2.883816,-8.734048,6.8486137
7596621972619,0.32920274,-9.92636,3.21661
7596822181869,0.5686229,-6.019023,0.676362
7597021981828,0.7086837,-10.128671,2.6431987
7597213012453,2.4121583,-9.520543,1.6124948
7597412968828,0.40821138,-6.611588,1.79206
7597614012953,2.858677,-12.849681,3.6044707
7597812898203,-1.1947067,-12.919112,-1.079785
7598012920037,1.0941502,-5.81791,6.740875
7598201998328,2.1990743,-13.212402,5.1559134
7598401935287,3.6978445,-9.081207,-2.0003555
7598592759954,1.9524715,-7.4627266,4.6339774
7598792979037,1.2234371,-12.00333,7.21373
7598993401120,1.4903905,-7.607576,0.24660277
7599192952246,0.557849,-8.893262,2.5486276
7599392630662,2.4025815,-9.594764,2.1871033
7599594020537,0.92535895,-5.687426,1.0666169
7599792456496,1.483208,-12.265495,2.743755
7599992519829,-1.8315643,-13.934254,0.31244332
7600193756913,2.0685902,-5.494693,2.6767175
7600392919954,1.3910311,-14.757859,4.2880154
7600592831080,3.5075054,-8.775947,-1.4101849
7600781965163,1.3982137,-8.566454,4.0138793
7600971718580,0.4237737,-12.576741,5.3522377
7601161477205,1.5071499,-6.757634,1.7705121
7601361595705,-0.35553896,-8.947132,3.2549171
7601561446205,1.353921,-9.746795,3.3806129
7601751692830,0.7182605,-5.6359506,0.581791
7601942002663,1.6543933,-10.146626,5.7424927
7602142028080,0.62847793,-10.132261,1.5239093
7602341937705,0.91458505,-4.590882,4.3658266
7602533782539,0.35553896,-12.992135,2.4971523
7602732883289,1.4544775,-13.210008,0.6703765
7602932893331,1.3838485,-7.5704656,1.6484078
7603133506206,3.5218706,-14.981717,3.7421372
7603333767914,0.62368953,-6.793547,1.1013328
7603532412331,-0.5482722,-8.88608,5.333084
7603721902248,2.1392193,-10.971429,3.430891
7603921564664,1.7322049,-4.630386,2.098518
7604121557998,2.0602105,-10.362105,4.2556934
7604321947248,-2.1823149,-14.872781,-0.6356605
7604521893498,1.5933412,-4.9320555,2.6898856
7604721622456,2.0638018,-12.121843,3.6619315
7604921421457,2.4432828,-10.896012,-0.6607997
7605121361748,0.748188,-7.979874,1.9416976
7605312891207,3.918111,-12.556391,3.2585084
7605512761790,0.6979098,-7.465121,0.5422867
7605714471582,1.0462662,-8.896853,4.498705
7605912810832,2.8119898,-8.974665,2.8634653
7606113136832,1.2509704,-5.249287,1.9177556
7606313182541,1.6136919,-10.970232,3.1615434
7606512751957,-1.0235212,-13.506889,-0.50158525
7606701942499,2.5187001,-5.4767365,3.3566709
7606902087166,2.1308396,-12.144588,3.763685
7607101946999,2.4013844,-13.160927,-1.6807296
7607301881916,0.89064306,-7.2304893,3.1435869
7607501889499,3.9432502,-14.055161,6.573281
7607701892000,1.388637,-8.236053,0.5805939
7607901922083,0.32202014,-8.615535,4.5645456
7608101817916,3.004723,-11.835736,5.439626
7608302489458,2.2301989,-4.924873,0.7613561
7608501991542,3.5913026,-9.945514,12.367249
7608701424125,-0.4225766,-10.151415,1.5358804
7608902001958,1.9776106,-5.3881507,3.3315318
7609102145792,2.755726,-11.33894,3.549404
7609301796250,2.7018566,-12.782643,1.0929531
7609495322750,1.5382746,-7.0569096,2.706645
7609693557292,3.4272997,-12.878411,4.35625
7609892866501,-0.01436521,-9.272743,-1.4065934
7610081971459,1.970428,-7.5549035,5.6982
7610281978084,2.1930888,-15.915456,6.8761473
7610481899668,3.359065,-7.52737,0.6787562
7610682334334,2.9017725,-7.489063,4.8985367
7610881950459,0.9923966,-10.128671,4.631583
7611081782543,1.8507179,-6.5469446,0.92057055
7611282176460,1.508347,-9.836577,3.4249055
7611481329376,3.383007,-8.350976,2.1775265
7611681877751,1.436521,-6.670246,0.7493851
7611881411210,4.021062,-12.330139,2.9640217
7612081896418,0.80924016,-12.193669,-1.1073183
7612281986877,2.1404164,-6.455965,4.771644
7612473026835,2.0290859,-13.51048,4.507085
7612661884002,4.120421,-9.257181,0.005985504
7612861950877,1.532289,-7.0820484,5.5006785
7613061860085,0.65242,-10.745177,4.120421
7613261854377,1.5825673,-5.9005103,0.34715924
7613454892086,0.89303726,-8.644265,2.8323407
7613652817711,2.0925324,-8.588001,2.1416135
7613852248794,0.48482585,-5.8693852,2.2732944
7614053124669,3.465607,-11.453861,3.3183637
7614252858711,-0.055066638,-13.6409645,0.46926352
7614452889378,2.6360161,-5.3235073,4.581305
7614653131253,2.1883004,-11.920731,4.437653
7614852603295,3.0621839,-9.636662,-0.70509243
7615052846711,1.6364368,-7.675811,8.058883
7615254488712,-0.2813187,-12.25113,6.6175733
7615452853920,0.9804256,-6.707356,2.0254946
7615653255628,-0.7374141,-8.9758625,1.8590976
7615841435378,1.401805,-10.092757,3.1890767
7616041266254,0.3172317,-6.408081,1.4903905
7616232433045,0.39145198,-8.985439,2.8682537
7616432896087,-1.5981296,-12.419921,1.2892777
7616633815670,1.3874398,-5.6000376,3.3207579
7616832250462,1.7609353,-12.045229,2.9472623
7617032886337,3.2094274,-10.475829,-0.034715924
7617234215004,-0.260968,-6.4882865,1.6376339
7617432853713,5.153519,-13.814544,4.6603136
7617632882754,0.25617957,-8.0445175,1.2138603
7617833748588,0.05865794,-8.402451,1.7585411
7618032669046,1.5682021,-7.9966335,1.8303672
7618221444088,0.7338228,-5.9483943,1.4748282
7618421734255,1.3970166,-10.362105,3.3889925
7618621457546,-0.47764325,-12.695254,0.090979666
7618821909838,3.5218706,-4.655525,7.587225
7619021663047,2.6922798,-10.90918,6.7983356
7619221362880,2.1859062,-13.344083,-1.2246342
7619421875130,1.2066777,-6.591237,7.8912888
7619621445130,4.712986,-13.905523,11.6190605
7619821819380,1.1827357,-9.226056,0.59376204
7620021888755,-0.51475334,-9.112331,2.1942859
7620221780214,2.7090392,-10.730812,3.834314
7620421411964,1.9967642,-5.3881507,1.8339585
7620621804256,3.3722332,-9.287108,2.8562827
7620822047631,-0.2825158,-11.176133,0.7445967
7621021826048,3.229778,-5.4659624,7.3418193
7621221876256,1.8590976,-11.4119625,4.1862617
7621421799173,2.2577322,-14.030022,-0.10295067
7621621821840,1.8734628,-6.0860605,7.3071036
7621821738590,4.739322,-11.771092,6.3745623
7622021811798,1.1755531,-11.077971,0.4261679
7622221869381,1.1899183,-7.171831,3.4811692
7622421766923,3.3051953,-12.789825,5.3163247
7622621805007,3.3315318,-6.2524576,2.0207062
7622814952548,1.6184803,-9.249998,1.7178397
7623012842882,1.5107412,-10.648212,1.9093759
7623213026632,3.2944214,-5.971139,6.0621185
7623413718090,2.719813,-10.418368,3.927688
7623612879632,3.371036,-12.902353,1.3503298
7623812889007,-0.59136784,-6.501455,4.9895163
7624014107049,3.2321723,-12.558785,3.2692823
7624212841132,-1.6591818,-12.963405,0.32202014
7624412785841,1.8602947,-6.199785,7.502231
7624614432841,0.35553896,-15.5275955,5.398925
7624812862674,1.7860745,-5.9268465,1.103727
7625013465133,2.4384944,-9.259575,3.405752
7625213685300,-0.8367735,-9.369708,2.5210943
7625413076508,2.7114334,-6.0238113,3.3315318
7625612956175,0.59615624,-10.443508,1.9357121
7625811999675,3.764882,-12.662932,1.328782
7626001817383,-1.4700398,-7.067683,4.6579194
7626201813633,2.5701754,-12.012907,3.4392707
7626401786925,-0.24181437,-12.433089,-0.4189853
7626601792717,0.29448682,-6.8581905,6.1040173
7626801724175,1.7202339,-15.245079,6.0800753
7627001841175,3.8486793,-8.395268,0.6943185
7627201740592,2.6288335,-7.4866686,2.8921957
7627401795842,0.1412579,-10.25676,2.9628246
7627601763092,2.6252422,-5.828684,2.8311436
7627801860176,1.0067618,-9.774328,3.4033577
7628001800634,4.3299136,-12.044032,1.6519991
7628192798468,-1.3215994,-7.702147,3.6415808
7628391686718,3.989937,-11.820174,4.533421
7628573757218,0.051475335,-13.546393,-1.0079589
7628772844010,1.9919758,-5.395334,4.685453
7628972548260,2.7257986,-14.407108,5.415684
7629173684510,3.9312792,-8.057686,1.2617443
7629372851427,2.0590134,-7.703344,3.4871547
7629561070010,0.272939,-10.396821,3.655946
7629761479552,1.6567876,-7.047333,1.8902222
7629961425052,-0.47405192,-8.693346,2.1667526
7630161715010,1.733402,-9.976639,1.7154455
7630361247135,0.7146692,-6.0585275,4.6603136
7630561312677,2.1404164,-11.247959,4.325125
7630761195469,-1.9524715,-13.759478,0.45848963
7630961690802,0.14604631,-5.9400144,3.0011318
7631161359927,0.59855044,-17.150864,9.255983
7631352318886,2.6862943,-8.413225,1.2916719
7631552789344,2.0937295,-7.5644803,1.3802572
7631741770428,0.7386112,-10.081984,3.6343982
7631941808928,0.44532153,-7.073669,2.5246856
7632141737261,-0.15322891,-8.349778,3.3794158
7632341765178,1.4856021,-9.276335,2.2577322
7632541805178,-1.1121067,-6.5948286,4.209007
7632741791803,0.59136784,-12.276269,5.112818
7632932829220,-1.258153,-11.930307,0.6368576
7633133714678,1.9656396,-5.8442464,4.2820296
7633332358512,0.7649474,-16.481684,7.1311297
7633532895679,3.4021606,-7.290344,-0.37948096
7633733683512,2.147599,-9.623494,6.1566896
7633932590595,-3.107674,-11.000159,3.1591492
7634132401429,1.5837644,-6.0106435,2.7928362
7634331834471,0.18914193,-10.691308,2.5103204
7634514520179,2.4744074,-8.862138,1.5286977
7634712722346,1.2318168,-4.631583,2.1883004
7634912835304,2.3463178,-10.641029,2.7808652
7635112948804,-0.5781997,-12.105083,-1.2689269
7635301257138,1.0869676,-5.1547165,3.9432502
7635501542554,3.3387144,-12.061988,6.5241995
7635701839305,3.3195608,-11.596316,-1.7154455
7635901906721,2.0937295,-7.1586633,6.9228344
7636092365180,4.5142674,-13.67568,4.933253
7636292613222,1.2330139,-9.569624,2.219425
7636494179680,-0.9840169,-8.356961,2.8107927
7636681821055,3.58412,-9.403227,2.291251
7636881839597,0.48003745,-5.602432,0.04189853
7637081828889,2.328361,-10.163386,3.2309752
7637281745680,-1.4987702,-14.425065,-0.50158525
7637481807305,2.9053638,-4.560954,6.0884547
7637681101222,1.7298107,-12.09431,5.446809
7637881646681,4.220978,-10.900801,-1.1252748
7638081706681,1.3359646,-7.2352777,4.5501804
7638281488764,1.6136919,-13.239936,6.5924344
7638474552473,2.634819,-7.047333,1.0283096
7638672352931,0.91458505,-8.7292595,2.15957
7638872726681,2.9628246,-8.63828,1.5849615
7639073364056,1.7585411,-5.392939,1.388637
7639273034265,4.0797195,-10.621876,4.31076
7639472568765,-0.62249243,-13.245921,-1.1097125
7639673490431,0.7733272,-5.5150437,2.7760768
7639872695057,0.9720459,-11.832145,4.6244006
7640061179973,3.5757403,-13.160927,-2.3546975
7640261780182,1.0893618,-6.269217,1.9572599
7640461932599,1.1815386,-11.402386,4.0916905
7640661788182,1.5095441,-6.420052,3.2082303
7640861854932,0.79846627,-9.136273,3.9492357
7641062118599,1.9740193,-8.39048,1.8016368
7641261755141,-0.49081135,-6.0226145,7.3430166
7641452786141,0.4429273,-10.048465,6.265626
7641653306182,-1.6555905,-14.549563,0.29807812
7641853120599,2.2697031,-3.964798,4.859032
7642052878224,1.3132197,-12.140997,8.495825
7642254437308,3.2980127,-13.800179,-2.1679497
7642452490641,0.50517654,-6.2045736,4.1276035
7642652515391,3.655946,-15.641319,12.765883
7642853031141,1.1875241,-8.640674,2.1080947
7643052735516,-1.7369933,-8.900445,2.147599
7643241710725,3.0909145,-11.552023,3.7062242
7643441144517,1.4389153,-5.947197,1.1456255
7643641831058,2.8754363,-8.692149,5.1762643
7643841413100,-0.2693477,-11.818976,0.5638345
7644041645309,1.8016368,-5.1846437,3.4440591
7644241794017,1.9536686,-11.422736,4.473566
7644441621725,2.882619,-12.786234,-1.9692309
7644632359017,0.039504327,-6.244078,5.9747305
7644833480184,3.4440591,-13.643358,9.915586
7645032678059,1.5741876,-9.531317,2.0602105
7645232748934,0.1400608,-8.15106,1.982399
7645421681476,2.919729,-11.664551,4.644751
7645621158768,2.0147207,-6.171055,2.172738
7645813018893,2.6970682,-9.027337,2.814384
7646012728643,-0.79966336,-10.2974615,2.1284454
7646201813268,3.289633,-4.745308,6.4284315
7646401637393,2.244564,-9.920375,5.365406
7646601705685,3.9624038,-10.281899,2.4372973
7646801695727,-2.6491842,-7.2388687,8.588001
7647002754310,2.1655555,-11.8896055,3.2477345
7647201251518,0.46686932,-11.446678,0.39504328
7647401566852,0.25378537,-6.706159,3.441665
7647601474060,3.0346506,-15.075091,6.215348
7647801550644,2.4995465,-6.9240313,1.99437
7648001674019,2.3942018,-9.333796,4.345476
7648195635852,-1.0043676,-10.454282,2.3702598
7648392371602,0.736217,-5.281609,2.920926
7648592850977,1.42455,-10.500969,3.4596214
7648792917644,3.1423898,-13.383588,2.112883
7648992742061,0.58538234,-5.979519,9.096769
7649181707894,0.21068975,-13.145365,3.0573955
7649381644228,-1.7238252,-10.359711,0.35314476
7649581753603,-0.78769237,-7.3669586,2.6731262
7649781673895,1.5741876,-13.936648,6.9719152
7649972563728,2.5617957,-6.505046,0.035913024
7650171763145,1.1647792,-8.954314,3.6894648
7650361678478,-0.4285621,-9.272743,3.1759086
7650561023020,-1.0450691,-6.51582,2.5198972
7650761713728,0.7266402,-10.637438,3.3123782
7650961786479,1.6041151,-9.828198,1.7908629
7651152733312,-0.05865794,-6.7767878,2.9712043
7651352246145,2.658761,-11.208455,4.261679
7651553242354,-2.44448,-13.989321,-0.04309563
7651752680812,2.3235726,-5.556942,3.4715924
7651952372646,1.79206,-17.53274,7.228095
7652154296896,3.572149,-6.930017,-1.2018893
7652352624479,0.9923966,-7.7548194,6.215348
7652552752229,-0.11971009,-7.759608,3.78643
7652741655021,0.1400608,-7.277176,1.8962077
7652933460604,0.33997664,-9.2787285,2.6001031
7653132703188,0.8822633,-8.617929,1.899799
7653332892188,0.05626374,-6.7827735,1.1025299
7653533623605,1.1779473,-12.984953,3.9133227
7653732636772,-2.5378537,-13.312959,-0.79367787
7653932674522,3.1376014,-4.548983,7.429208
7654134256355,2.086547,-14.31134,7.97748
7654332781022,3.2429461,-7.6602483,-0.5255273
7654532718105,2.098518,-7.94037,13.207614
7654733449105,0.22625206,-10.004171,3.4272997
7654932687397,-0.38307226,-6.2225304,0.8714894
7655121629772,0.6500258,-10.945093,3.205836
7655321596647,2.669535,-11.540052,2.6001031
7655521625314,0.50876784,-6.789956,1.4760253
7655721614272,1.30484,-13.6673,2.0015526
7655921672106,0.044292733,-9.49301,1.2629414
7656121564064,-0.45848963,-7.4567413,3.4608185
7656321709231,2.5091233,-12.190078,6.0920463
7656521132565,2.528277,-6.963536,1.614889
7656721392981,0.48362875,-10.449493,4.7058034
7656921150356,-1.2246342,-11.687296,1.8243817
7657121577398,0.9840169,-5.638345,1.9237411
7657321674023,1.1408371,-12.495338,2.4887726
7657521711107,0.6619968,-11.030087,-2.136825
7657721757148,0.37229836,-6.2991447,3.3997664
7657914258690,2.718616,-14.320917,4.120421
7658112727857,-0.033518825,-8.0445175,0.93134445
7658312672690,-0.108936176,-8.949526,7.1670427
7658513012357,2.5629928,-11.932701,4.52145
7658712198524,1.7082629,-5.3259015,0.5446809
7658912901691,1.2940661,-9.691729,4.301183
7659113352982,-0.78290397,-12.449849,1.8363527
7659301639524,2.3020248,-5.282806,4.3358994
7659500976608,2.7246015,-12.257115,4.296395
7659701659191,2.0015526,-11.700463,-0.08738836
7659901665524,0.92416185,-7.181408,6.06571
7660101601233,5.2875943,-14.375984,6.223727
7660301984275,0.1604115,-7.571663,0.5746084
7660501330316,-0.48961425,-8.258799,3.0969
7660701510858,1.1911154,-8.702923,1.7190368
7660901710233,1.4903905,-5.115212,3.0873232
7661101118983,3.0190883,-11.637017,3.0561984
7661301937483,-0.21188685,-12.953828,-1.2677298
7661492362817,0.7745243,-5.1463366,3.2369606
7661681079025,1.7178397,-13.41112,6.078878
7661871500817,3.1028855,-9.308656,-1.6232687
7662061767650,-0.7637503,-7.4567413,5.5401826
7662261510109,-0.4369418,-11.228806,6.4427967
7662461593234,0.6536171,-7.491457,3.8845923
7662661714651,-0.5470751,-9.25359,2.088941
7662861524859,3.5182793,-11.717223,-1.6196774
7663061499359,-1.0857705,-6.4272346,7.5309615
7663261757901,2.2768857,-12.10269,5.779603
7663461594526,-1.3670892,-11.61547,0.6679823
7663661786235,1.8842367,-6.619968,6.0764837
7663861555735,0.9864111,-12.996924,5.57849
7664061515860,1.1899183,-8.880095,0.17118542
7664252664360,1.6962919,-7.839813,7.4387846
7664453490068,0.91458505,-9.776723,3.807978
7664652416527,1.5753847,-5.9567738,1.590947
7664852865943,0.25019407,-10.693702,2.6408045
7665053318944,3.0346506,-10.849325,2.0446482
7665252596569,-0.08259996,-6.362591,0.9648633
7665452668069,1.8112136,-13.071144,2.7449522
7665653735277,-1.0570401,-11.08276,-0.62847793
7665853652944,0.7529764,-6.041768,5.8238955
7666052574944,2.3942018,-14.856022,10.395624
7666253530486,-0.29927522,-5.851429,-0.6476316
7666453059028,1.0606314,-8.780735,6.0489507
7666652780236,-0.9720459,-10.43872,1.6448165
7666853444153,2.0242975,-5.3606176,3.3686419
7667052346278,0.3866636,-11.212047,2.4313118
7667252672778,3.2812533,-13.951014,-1.115698
7667454303778,-0.59974754,-7.380127,8.250419
7667652721403,2.980781,-12.603078,4.936844
7667852576320,-0.8343793,-9.179369,-0.92416185
7668053472028,-0.5734113,-7.908048,3.8055837
7668252682987,1.9093759,-12.852075,6.5577183
7668452683320,2.6372132,-6.787562,0.24660277
7668641713112,0.7326257,-8.683769,1.7788919
7668834318487,-0.6895301,-11.87524,0.49919105
7669033041695,2.7257986,-5.342661,6.5720835
7669233060571,-0.6943185,-9.929952,4.7500963
7669434191196,2.5701754,-9.100361,1.4556746
7669632140862,-1.1468226,-6.443994,9.3182335
7669833035071,0.1364695,-13.39077,7.463924
7670021476488,-1.0582372,-12.179304,0.80564886
7670213654279,0.78170687,-5.583278,3.3985693
7670412085488,1.2892777,-13.6888485,4.426879
7670612776405,3.1962593,-9.661801,-0.18315643
7670801573155,1.009156,-7.7907324,3.787627
7671001519280,-0.20709845,-10.836157,2.184709
7671201204863,2.0003555,-6.752846,4.7524905
7671401674988,-2.5737667,-9.56723,4.449624
7671601702572,1.4760253,-8.529344,1.0857705
7671801750488,-0.11611878,-6.075287,3.0023289
7672001130030,2.4791958,-11.456255,3.7014358
7672201045072,-1.7202339,-12.4702,-0.58418524
7672401198489,3.0885203,-5.872977,4.3885717
7672601131489,1.2018893,-12.963405,3.5482068
7672801060114,1.946486,-10.170568,-1.0187328
7673001273947,0.6464345,-8.2995,5.4743423
7673201617072,1.471237,-10.085575,4.9907136
7673401449364,-0.21547815,-7.315483,0.8834604
7673601512531,-0.29688102,-8.53054,2.1775265
7673801163739,1.8112136,-7.884106,1.127669
7673993321115,0.15083471,-6.8330517,1.3359646
7674192561573,0.9792285,-10.807426,3.6020765
7674392510823,-2.730587,-12.662932,1.1731589
7674581699198,2.207454,-6.114791,2.9987376
7674781511823,1.79206,-11.547235,2.3259668
7674981598448,1.7848774,-13.10586,-0.14844051
7675181723198,-0.30645782,-6.827066,2.4863784
7675381554657,1.1767502,-13.6673,2.292448
7675572767449,-0.6991069,-9.720459,1.0714053
7675772269907,1.8028339,-6.443994,7.035362
7675973309449,0.81761986,-13.951014,3.335123
7676172504157,1.3096284,-5.511452,0.65242
7676373853032,2.268506,-9.662998,8.744822
7676573352116,-0.51954174,-9.610326,1.7681179
7676772535158,1.1528081,-6.129156,1.3383588
7676972495783,0.5674258,-11.587936,2.304419
7677173735741,2.5210943,-12.955026,2.3750482
7677372533158,-0.30166942,-6.2045736,1.1803415
7677572541116,0.93972415,-14.05157,3.4368765
7677773681075,-0.92416185,-10.8182,-0.49679685
7677972622075,-0.01316811,-7.675811,5.2026005
7678172122825,1.9117701,-14.3496475,6.1219735
7678372939242,1.9476831,-6.691794,-0.9792285
7678572970867,0.16519992,-8.635885,6.0250087
7678772565867,-0.25498247,-9.744401,1.7166426
7678961490492,-0.0023942017,-6.4188547,2.12246
7679161780159,0.11492168,-9.534908,2.1547816
7679361689992,1.5705963,-8.571242,1.685518
7679561582742,-0.08379706,-7.035362,2.767697
7679753149701,1.3215994,-12.210428,3.503914
7679952533492,-2.9903579,-13.15973,-1.0821792
7680152802492,1.6328455,-6.2500634,3.727772
7680341573701,2.0326772,-13.395558,4.8578353
7680541557951,3.8534677,-8.925584,-2.4384944
7680741637993,-1.1599907,-8.92319,6.0142345
7680932555826,-0.4309563,-11.046846,3.5972881
7681134174826,0.2765303,-6.10282,2.5737667
7681332582910,-0.35194764,-9.406818,2.1284454
7681533371535,0.44771573,-8.605958,1.3323733
7681733273868,0.7457938,-6.0561333,2.0949266
7681932385577,1.4520833,-9.478644,4.080917
7682132387952,-1.3251907,-12.867637,1.9835961
7682333265660,3.6116533,-5.368997,6.0142345
7682532818410,0.10295067,-12.480973,3.4261026
7682732590244,0.32561144,-12.265495,0.6560113
7682934185952,-0.23822308,-7.565677,3.750517
7683132500994,2.31639,-11.948263,4.2042184
7683332521827,-0.1340753,-7.489063,1.1947067
7683533249786,1.1204864,-8.589199,5.8502316
7683732524286,1.2054806,-9.412804,2.9700072
7683932367036,1.1061212,-6.489484,3.0202854
7684132752536,1.1360487,-12.340913,2.7461493
7684332861911,-3.0478187,-13.354857,1.9871874
7684532122036,1.9752164,-5.0397944,4.817134
7684721828995,1.9093759,-12.476185,5.5018754
7684921478620,-0.6392518,-12.154165,-0.8583213
7685121698828,-0.23942018,-8.67539,8.959103
7685321568995,4.8422728,-12.050017,6.7085533
7685521607037,-0.6679823,-7.7560163,2.3511062
7685721523870,-1.376666,-9.218874,2.4133554
7685921129579,0.5398925,-9.349358,0.90740246
7686121502162,0.20590134,-6.8007298,1.8327614
7686320905912,-0.2693477,-11.8022175,3.2585084
7686522004787,-1.946486,-12.391191,0.7146692
7686721414287,2.2816741,-5.246893,6.005855
7686923212329,0.2693477,-13.409924,3.8977604
7687121661079,1.5478514,-8.506598,-0.81761986
7687321653746,0.5291186,-7.690176,4.441244
7687521229871,0.8714894,-9.855731,3.3267434
7687721042746,-0.7338228,-7.145495,1.0247183
7687921689704,-0.19512744,-8.874108,4.746505
7688121621455,-0.035913024,-9.168595,1.0139444
7688321480038,-0.10175357,-6.4966664,0.39264908
7688521685871,0.20949265,-12.938266,3.5075054
7688721259747,-1.9416976,-12.150574,0.8798691
7688921556997,2.1272483,-6.0764837,4.277241
7689121689288,0.08499416,-13.637373,4.76087
7689321394372,2.4480712,-8.273164,0.22505496
7689521558872,1.1587936,-7.6387005,6.5206084
7689721460580,0.45968673,-10.077195,3.9133227
7689921318705,-0.25019407,-7.5764513,1.1216835
7690112500997,-0.5386954,-9.038112,2.4253263
7690301836122,1.127669,-10.238804,3.5338416
7690494071914,2.0709844,-5.141548,-0.094570965
7690692101831,0.6452374,-9.828198,4.691438
7690892281498,-0.82599956,-11.639412,1.7585411
7691092771914,1.5239093,-5.398925,4.0533834
7691292294289,1.3431472,-10.714052,4.5777135
7691492405790,-0.02633622,-13.261483,1.2234371
7691693303581,-0.6356605,-6.8222775,8.175002
7691881558123,1.7657237,-13.00291,9.411607
7692081572248,-0.9636662,-7.961918,-0.038307227
7692281574957,-0.8834604,-8.865729,2.8766334
7692481589748,0.37110126,-10.012551,2.8299465
7692681345248,0.12210429,-5.7724204,0.8619126
7692881208665,0.7134721,-9.346964,2.5558102
7693073510082,-0.20709845,-12.471396,1.3838485
7693272736624,2.27928,-5.5270147,4.1958385
7693472251749,0.9900024,-11.316195,3.775656
7693673017791,0.50158525,-12.605472,-0.01436521
7693872334082,-0.2657564,-7.6111674,6.7504516
7694072728166,-0.6392518,-12.437878,4.9069166
7694274292291,-0.4261679,-6.867768,2.7988217
7694472819624,-0.9792285,-9.179369,3.0897174
7694672696541,1.2198458,-8.438364,1.7381904
7694872832749,0.6452374,-6.3769565,1.448492
7695072224250,0.5758055,-11.621455,3.918111
7695272480333,-1.3563153,-14.196419,1.3263878
7695474126000,2.1092918,-5.410896,6.435614
7695672461792,0.51475334,-13.509283,4.793192
7695872757750,1.4389153,-9.661801,0.31603462
7696071136583,1.1360487,-8.238448,7.0461354
7696261366500,0.049081136,-11.253945,6.256049
7696460932209,-0.9900024,-7.9236107,0.90021986
7696661581542,-0.51714754,-8.3868885,2.8526914
7696861403292,0.9576807,-8.603564,1.8315643
7697061584292,0.18076223,-7.8996687,1.4341269
7697261815167,0.2837129,-13.15135,3.964798
7697461537001,-1.3922282,-12.633005,0.9600749
7697661311501,-0.30885202,-6.355408,4.0294414
7697861679626,0.23942018,-12.174516,3.406949
7698061525334,1.3826514,-9.93474,0.39624038
7698261351084,1.4496891,-6.967127,5.9160724
7698461157876,1.2964603,-11.617864,4.3406878
7698661038876,0.46208093,-7.539341,1.9213469
7698861002293,-0.39863458,-9.066842,2.6013002
7699061501293,0.6476316,-8.15106,1.7489643
7699253185543,0.12808979,-7.0724716,2.0278888
7699452560668,0.12569559,-10.427945,3.5529952
7699641409085,-1.7741034,-11.599907,0.89303726
7699841172002,2.0769699,-5.209783,7.937976
7700041595835,0.51954174,-10.949882,5.199009
7700232257960,0.30645782,-13.549985,0.4309563
7700432410044,-2.2098482,-7.309498,4.461595
7700633394336,1.8674773,-14.889541,6.6846113
7700832508711,-0.94570965,-8.647857,0.9564836
7701032575877,-0.842759,-8.055291,6.4787097
7701233254211,2.610877,-13.186066,8.425196
7701432429128,0.59495914,-6.3589997,0.62368953
7701633113794,1.0498575,-9.508572,4.3358994
7701834067253,-1.5466543,-10.00896,0.7410054
7702021427670,0.39624038,-6.4858923,4.784812
7702221615461,-0.23702596,-11.490971,1.9369092
7702421493920,3.156755,-14.425065,0.41060558
7702621612753,0.23223756,-6.987478,4.793192
7702821280045,2.0135236,-13.776237,3.5733461
7703021494045,-0.7517793,-10.315418,0.18315643
7703221633003,2.019509,-5.354632,6.093243
7703421460962,1.9907787,-17.295713,7.145495
7703621519045,3.015497,-7.5812397,-0.866701
7703821493379,1.2641385,-9.697714,4.146757
7704021503837,0.973243,-10.028113,2.6372132
7704221476754,0.8678981,-5.9483943,2.8622682
7704421659379,0.6476316,-10.800244,4.203021
7704620844046,2.4995465,-11.7064495,2.3642743
7704821480213,0.021547815,-6.0968347,1.0127473
7705021442421,1.2940661,-13.018472,3.4380736
7705221722213,-0.8762778,-11.711238,0.29927522
7705421532754,2.3702598,-5.5964465,6.897695
7705621457046,2.6072857,-17.014395,6.578069
7705821168671,2.790442,-6.3829417,0.07062895
7706021051088,3.3494883,-9.586384,8.955511
7706221257547,0.005985504,-10.205285,4.185065
7706421595922,0.40701428,-7.064092,1.435324
7706621062047,0.21428105,-8.811859,2.6527755
7706821542255,1.7776948,-8.754398,2.5139117
7707020847380,-0.19033903,-6.2584434,1.3263878
7707221575672,1.5693992,-10.670957,3.9456444
7707421599630,-2.3678656,-13.860034,0.9672575
7707621588589,3.5051112,-5.7999535,4.606444
7707821033672,0.35075054,-11.484985,2.9376855
7708021500922,-0.23104046,-10.995371,-0.7769185
7708221019464,1.7776948,-8.309077,8.401254
7708421611839,0.49799395,-13.808558,5.1116204
7708621607214,-1.3024458,-9.478644,1.353921
7708821058673,1.9488802,-8.101978,5.020641
7709021511756,1.1540052,-13.424289,5.0876784
7709221569881,0.03232172,-5.638345,0.8511387
7709421555590,0.439336,-9.411607,3.05141
7709621482381,-1.0570401,-8.99741,1.3251907
7709821490048,0.15801731,-6.0645127,2.8215668
7710021140840,-0.40940848,-9.937134,2.3894134
7710221448798,1.6160861,-9.688137,1.4329298
7710421487549,-0.2861071,-7.7464395,2.7569232
7710621548590,0.7026982,-12.004527,2.2529438
7710821557882,-1.5035586,-13.199234,1.1528081
7711021589715,4.0545807,-5.519832,7.902063
7711221520049,1.2054806,-9.531317,4.4520183
7711421540591,0.8559271,-13.2351465,-0.6440403
7711621551216,0.7541735,-7.690176,3.5769374
7711821571883,1.3275849,-9.209297,3.144784
7712021651174,1.3730747,-8.548497,1.3467385
7712213260799,0.04070143,-9.745598,3.3399115
7712412559174,1.0235212,-9.331401,2.706645
7712612832466,1.4580688,-9.352949,7.560889
7712814054633,1.6867151,-5.729325,7.5429325
7713001510216,2.5570073,3.3602622,4.155137
7713201517008,2.0470424,1.7130513,11.446678
7713401496258,0.89303726,1.5610195,9.676167
7713601341633,1.210269,2.2218192,10.236409
7713802254633,0.32202014,1.638831,9.878476
7714001487800,-0.020350715,1.8291701,9.981427
