6408216651053,-0.22984336,4.933253,8.4108305
6408416754344,-0.24420857,4.9296613,8.323442
6408617031803,-0.19153613,5.2169657,8.842984
6408816702511,0.6368576,5.3606176,7.9966335
6409016702178,0.6607997,5.0601454,8.4108305
6409216878553,0.6452374,5.1379566,8.932767
6409408031178,-0.8487445,5.9663506,9.502586
6409609406012,-1.8579005,3.394978,8.492233
6409796732220,-0.8439561,4.308366,6.9168487
6409997358220,-0.47046062,5.813122,8.148665
6410196800345,-0.23463176,5.1786585,14.112622
6410396824720,-0.47046062,3.8726213,9.503783
6410597089762,0.48722005,4.9775453,8.232463
6410797315012,0.60812724,6.363788,9.604341
6410996652012,-0.6991069,3.630807,9.293094
6411197456387,-0.24420857,4.333505,6.3087215
6411397255179,-0.029927522,6.1770406,7.9487495
6411596825554,-0.36272156,6.6546836,12.360066
6411797431846,-0.17956513,3.9600096,8.774749
6411997193596,-0.1316811,5.410896,7.953538
6412196840596,-1.6783354,6.706159,8.89805
6412397312096,-2.372654,4.4580035,9.051279
6412596801680,0.029927522,5.2624555,7.153875
6412797198388,0.48003745,7.2544312,9.512163
6412997338888,-0.22385786,3.8367083,7.4483614
6413196737722,-0.19632454,4.8458643,6.351817
6413396736847,-2.3953989,6.619968,10.582372
6413597252514,-2.6647465,3.857059,7.6614456
6413797089514,-0.059855044,4.909311,6.1100025
6413996986680,0.021547815,6.9348054,9.958682
6414197446264,0.12330139,3.5362358,7.249643
6414397213681,-0.6991069,4.853047,7.016208
6414596828056,-1.6843209,6.573281,9.635465
6414787793889,-1.9416976,4.256891,8.532935
6414988012639,-0.40581718,4.662708,6.114791
6415189199098,-0.439336,6.8103065,9.398438
6415388130973,0.36152446,3.9372647,8.169016
6415588075014,-0.46686932,4.6818614,7.055712
6415776827265,-1.1312603,6.423643,9.391256
6415968404223,-0.7074866,4.4184995,9.107543
6416167837515,0.14963761,4.5872903,6.805518
6416368008431,-0.11731588,6.682217,9.424775
6416568434682,1.7753005,4.2556934,5.8215013
6416767760765,0.10295067,4.2544966,7.04015
6416968008473,-1.2557588,6.991069,9.217676
6417169173807,-0.8750807,4.009091,8.66701
6417368061390,0.08738836,4.4113164,6.0884547
6417567031015,0.39863458,6.9228344,9.018958
6417756716015,2.2613235,4.307169,6.7384806
6417956896474,0.049081136,4.0916905,6.5864487
6418157697849,-1.1180922,6.4008985,9.758766
6418357232849,-1.2090719,4.1515455,9.002198
6418557577308,-0.08020575,4.320337,6.30513
6418747716849,-0.5482722,6.7971387,9.519346
6418948114891,0.7469909,4.3634324,7.5321584
6419149286974,-0.7194576,4.581305,6.767211
6419347785850,-0.4201824,6.503849,8.226477
6419548126016,-1.9883845,4.4316673,8.244433
6419748507641,-0.09935937,4.495114,6.5122285
6419947818558,-0.22026655,6.6893997,10.096349
6420148258142,1.2270284,4.110844,5.7520695
6420348580017,-0.07062895,4.5513773,6.8127007
6420547776350,-0.91458505,6.506243,9.599552
6420748127975,-2.695871,3.870227,9.337387
6420949116517,-0.23343466,4.1683054,5.8705826
6421147899767,-0.110133275,7.0245876,9.490616
6421347806226,0.51355624,3.5661635,7.926005
6421548419684,-0.25977087,4.188656,6.9288197
6421748037601,-0.78769237,6.1040173,8.959103
6421947857517,-2.4145525,4.380192,10.023325
6422148513434,-0.60453594,4.477157,6.8318543
6422347550476,-0.019153614,6.254852,9.545682
6422547791976,-0.78649527,4.832696,9.82341
6422737133810,-0.14963761,4.685453,6.615179
6422936652351,-1.6484078,6.0764837,11.164163
6423136957976,-2.5390508,4.734534,11.707646
6423337256351,-0.89184016,4.911705,6.8749504
6423536615477,0.7553706,7.505822,8.862138
6423728142685,-0.79966336,3.7912183,11.71842
6423928121977,-0.5554548,5.5341973,6.393716
6424128404519,-3.1902738,5.866991,8.4108305
6424328070852,-0.047884032,4.868609,7.3430166
6424528238935,0.061052144,5.3139305,7.219715
6424729192477,1.1851299,6.2991447,13.909115
6424928332769,0.05626374,3.9336734,6.1195793
6425127883102,-0.33039984,5.9531827,8.271967
6425328690227,-2.0362685,4.8422728,13.528437
6425528222394,0.8655039,4.618415,4.5406036
6425716854269,-0.15562311,5.744887,8.371326
6425917258103,1.8231846,4.830302,15.164873
6426117183228,0.973243,3.5242648,5.2301335
6426317359936,0.2705448,5.499481,8.763975
6426516725353,-0.4357447,3.1399956,12.521675
6426716926436,-0.30286652,3.406949,4.961983
6426916965395,0.05865794,5.683835,9.509769
6427116695562,0.8631097,2.598906,7.9691005
6427317125353,-0.33518824,2.0518308,4.3981485
6427516972437,-1.3563153,5.21936,10.5045595
6427716994979,-0.9828198,2.268506,7.789535
6427916999020,-0.5506664,3.108871,5.0481744
6428116880979,0.34117374,6.459556,10.342952
6428316722562,0.79008657,3.6535518,6.1866174
6428516622562,0.5518635,3.927688,5.433641
6428717630104,-1.7070658,7.091625,9.467871
6428916670271,-3.9217024,4.19105,8.77834
6429116740063,-0.80804306,4.711789,5.7065797
6429317297563,0.2717419,8.433576,8.696938
6429516530479,0.4417302,3.927688,7.3669586
6429716858146,-0.8643068,4.474763,6.143522
6429916845563,-2.2816741,6.4284315,11.113884
6430116788480,0.08259996,3.3255463,7.4327993
6430316775688,-0.35553896,5.901707,9.148245
6430516893355,1.3395559,5.9005103,14.729129
6430717077272,0.60094464,3.5350387,4.394557
6430916763688,0.39145198,7.0940194,8.684967
6431117270980,-0.019153614,6.0621185,13.110648
6431317163897,0.2681506,4.3873744,3.7373488
6431517391855,0.6691794,7.1155677,8.453926
6431717555939,3.333926,5.009867,9.233239
6431917193147,0.49081135,4.2556934,3.8965633
6432116980689,0.5770026,7.2448545,8.435969
6432317137106,-0.7505822,5.3235073,8.450335
6432517059064,0.5279215,4.6698904,4.903325
6432708202106,1.1384429,7.565677,8.889671
6432907791814,2.6024973,5.2385135,5.650316
6433107931189,1.1288661,4.3155484,5.329493
6433308338815,-0.6943185,8.015787,8.950723
6433507747398,-2.682703,4.437653,8.977059
6433707959898,1.3012487,4.619612,5.4300494
6433909041023,-0.16639702,7.836222,8.991425
6434107564523,-0.08020575,4.8997335,6.811504
6434307971190,-1.5622166,4.5753193,6.205771
6434508293565,-1.3359646,8.88608,11.27669
6434707605315,-3.086126,5.5341973,9.321824
6434908162524,0.076614454,5.6431336,5.389348
6435108415440,1.2665327,8.301894,11.61547
6435307887191,-0.039504327,4.5753193,9.31943
6435508149024,-0.28491,5.9723363,7.326257
6435709143316,-2.0626047,7.785944,9.588778
6435907541024,-1.0833763,5.0613422,7.0928226
6436108091399,-0.25737667,5.777209,6.7085533
6436308372399,-0.08619126,8.615535,9.512163
6436508053108,-0.33399114,3.9791632,6.3901243
6436707973358,-0.2813187,5.813122,7.631518
6436908564608,-2.4049757,7.0126166,10.488997
6437107668025,0.8882488,4.882974,8.7771435
6437307933066,-0.11971009,5.9304376,8.095993
6437509054275,0.82599956,6.3781533,13.984532
6437707968775,-0.32800564,4.0378213,6.0250087
6437908210942,-0.1448492,5.8598084,7.028179
6438108555067,-1.8722657,5.7999535,14.255077
6438308200650,0.18914193,4.358644,4.560954
6438508150359,-0.5279215,6.739678,8.214506
6438708630942,0.59017074,4.6375685,8.768764
6438907593401,-0.91099375,4.253299,4.8374844
6439107601192,-0.7386112,6.9862804,8.446744
6439309154526,-1.8950106,4.0701427,8.431181
6439507781943,0.38067806,4.4161053,5.386954
6439707520484,-0.45250413,6.981492,9.424775
6439908307734,1.3802572,4.5118732,7.3729444
6440107739568,-0.48243165,4.583699,5.8358665
6440307882901,-0.92057055,6.7504516,9.4535055
6440508343276,-2.110489,4.665102,9.435549
6440707969735,-0.40102878,4.656722,5.5270147
6440907756777,-0.11731588,7.94037,11.060015
6441109080027,0.23582886,4.1503487,10.358514
6441307957943,-0.44532153,4.606444,6.1746464
6441507735610,-1.2186487,7.025785,10.941502
6441708550319,-1.1264719,4.1132383,9.320627
6441907970027,-0.16160862,5.81791,6.646304
6442107465319,-0.1412579,8.129512,12.008119
6442308752694,-0.7541735,4.0186677,8.243237
6442508067402,0.06823475,6.0477533,8.725668
6442707957319,-3.13401,5.4779334,15.114595
6442909291402,0.34715924,3.9324763,4.249708
6443108727194,-0.770933,6.7923503,8.724471
6443307690903,0.78529817,4.284424,10.1382475
6443508306694,-0.80205756,4.3634324,5.519832
6443707581028,-0.85473,6.9108634,8.566454
6443907997861,-3.1519666,4.3885717,6.9012866
6444108208570,-0.3878607,4.309563,5.1523223
6444307764653,-1.0175357,6.777985,9.200917
6444507923862,1.4041992,4.853047,7.156269
6444709084487,-0.31004912,5.2325277,6.1123967
6444897073487,-1.0307038,6.691794,8.935161
6445076557862,-2.2744915,4.2437224,7.0090256
6445265982237,-0.5638345,4.5418005,5.6215854
6445467522154,-0.6871359,6.8318543,9.775525
6445668134404,0.35434186,4.4125137,9.937134
6445837111987,-0.7110779,4.4927197,5.6922145
6446036540279,-0.557849,7.2843585,10.772711
6446227808571,-1.8255788,4.003105,8.965088
6446427912987,0.19393034,4.8626237,6.341043
6446628206113,-0.011971008,7.6494746,9.040505
6446827873571,0.6512229,4.64116,9.688137
6447028137654,0.0047884034,5.112818,5.7867856
6447229067780,-1.697489,7.243657,9.176975
6447427990446,-0.6440403,4.3754034,9.537302
6447617171613,-0.25258827,5.499481,6.0740895
6447817059655,0.427365,7.717709,11.864467
6448016949322,0.092176765,3.8606503,9.138668
6448217501155,0.24061728,5.544971,8.239645
6448416660113,-1.650802,4.811148,15.483302
6448616712780,-0.19033903,3.8235402,5.386954
6448817234447,-0.2873042,5.554548,8.119935
6449017149405,0.7445967,4.38498,16.005238
6449217102155,-0.641646,3.8055837,5.5760956
6449417194114,-0.035913024,6.5002575,8.50181
6449616972156,-1.7968484,4.0462008,8.015787
6449816947031,0.15682021,4.1216183,5.8095303
6450016780156,0.3890578,6.721721,9.975441
6450216522198,2.598906,4.176685,6.8186865
6450417037323,0.14724341,3.8534677,6.23091
6450616787573,0.58897364,6.4858923,12.197261
6450817065698,-2.9149406,3.514688,8.445546
6451016944740,0.78170687,3.5913026,4.859032
6451208078573,1.9249382,7.9008656,11.287464
6451407983157,0.36511576,3.1124623,8.809465
6451608745198,-0.044292733,4.26527,6.953959
6451808153782,-0.8822633,6.5086374,14.759056
6452007973032,-0.038307227,3.2908301,6.2728086
6452208453949,1.7310078,5.9783216,7.988254
6452408071240,3.441665,3.904943,15.18283
6452608094532,1.7106571,3.0310593,5.8203044
6452806579574,0.49559975,7.619547,9.8677025
6452989271532,0.50038815,4.871003,10.556035
6453187642741,1.0175357,3.7433343,4.519056
6453387540699,1.602918,7.398083,9.440337
6453588081449,2.3056161,4.203021,4.4077253
6453787943949,1.1683705,3.8989575,5.0721164
6453987550491,0.37229836,7.2029557,9.2308445
6454188248325,-1.5047557,4.4113164,8.183381
6454388102908,1.9093759,4.805163,4.923676
6454587576033,2.5390508,8.644265,10.479421
6454788961741,0.17357962,4.5777135,11.316195
6454988115783,0.94810385,5.1319714,5.043386
6455188039658,0.61411273,7.404069,12.70124
6455388322992,1.4101849,3.6152446,7.5189905
6455588029117,2.896984,5.3115363,7.9822683
6455787607534,4.4460325,5.3462524,18.404228
6455988256700,1.1264719,3.6643257,5.341464
6456187577075,0.830788,6.3206925,7.9451585
6456377003659,0.260968,4.8626237,13.089101
6456576848201,1.7824832,3.843891,3.7816415
6456776506617,3.6762967,7.439982,10.432734
6456977100451,3.333926,4.033033,6.317101
6457177104118,1.2964603,4.0306387,5.00867
6457377096159,0.30166942,7.356185,10.601525
6457576933076,-2.3894134,4.4340615,6.931214
6457776991076,1.1252748,4.88058,6.0800753
6457976934410,3.1555579,7.478289,8.831013
6458177194660,1.271321,4.092888,8.377312
6458377076910,0.5243302,4.6710877,5.21098
6458569868952,1.412579,7.079654,10.324995
6458767663993,0.20231004,4.334702,10.969035
6458967966910,2.0362685,5.1140146,6.5864487
6459168778452,2.6120741,7.7787614,13.1477585
6459367804577,1.2653356,2.8443117,7.2843585
6459567922660,1.5777789,5.601235,8.148665
6459768255452,0.2885013,6.7612257,12.448651
6459967915786,1.8926164,3.702633,4.8458643
6460168451744,3.5553896,5.7005944,9.4295635
6460369493577,4.6232033,4.4208937,12.393585
6460567450536,1.1815386,3.3051953,4.7680526
6460768282703,1.4664485,6.47033,8.700529
6460968076828,-0.18315643,3.9923313,11.19409
6461167939995,2.8526914,3.819949,5.9124813
6461367458995,3.3387144,6.915652,10.087969
6461568224453,4.2185836,4.6232033,7.587225
6461767557661,1.9416976,3.7780502,5.7748146
6461967532745,0.29328972,6.9623384,9.64145
6462168914912,-1.7549498,4.7524905,10.048465
6462367499370,1.7106571,4.2281604,4.3167458
6462567543870,2.9939492,7.9607205,10.5045595
6462768349579,-0.092176765,4.739322,8.292317
6462967906287,-0.6596026,4.560954,5.6670756
6463167852329,-0.62488663,6.9264255,9.259575
6463368490621,-1.5263035,4.7022123,9.481039
6463567615162,0.90979666,4.995502,6.6882024
6463767741787,0.46447513,6.979098,12.107478
6463969304996,0.48482585,3.515885,7.133524
6464167824954,1.3563153,4.923676,8.995016
6464367704121,-2.086547,3.5757403,18.171991
6464568129079,2.6599581,2.9137435,5.08289
6464767518246,1.3934253,6.009446,9.303867
6464967625413,3.7804444,3.264494,12.077551
6465168077955,0.35075054,3.0561984,5.627571
6465368048163,-0.4309563,6.203377,9.4535055
6465567551663,-1.5298948,3.3171666,10.175357
6465768955872,1.3156139,4.7022123,5.16549
6465967364538,2.0362685,7.479486,12.304999
6466167804747,0.36511576,4.8279076,7.9547353
6466368637164,-0.15562311,4.83509,4.8518496
6466567738330,-0.36750996,7.0305734,11.563994
6466767403289,-1.1552023,4.3957543,10.05445
6466968199706,0.25019407,5.571307,6.2285156
6467167663664,0.19512744,8.08881,9.378088
6467367732581,-0.37229836,4.2880154,9.351752
6467568888831,-0.39264908,6.367379,8.079233
6467767520539,-2.0769699,5.911284,12.005724
6467967940664,-0.60453594,4.0857053,5.221754
6468168723540,1.4293385,5.005079,8.101978
6468367930623,0.90979666,5.1942205,13.48175
6468567808165,2.5929205,2.3678656,8.14268
6468768962706,0.7074866,6.6546836,9.490616
6468967985207,-0.80564886,2.9616275,11.080365
6469168027040,0.8870517,3.4045548,4.596867
6469368830582,1.638831,6.64391,11.83813
6469567574582,1.8938135,3.4261026,6.233304
6469767881874,0.770933,3.5458126,5.1355624
6469956286790,-1.2569559,7.5106106,9.821015
6470148238582,-1.1228806,3.9444473,6.269217
6470347912291,1.2006922,4.605247,5.9041014
6470548176416,1.2725182,7.9487495,10.481815
6470748352499,-0.18195933,3.9875429,8.858546
6470948109083,1.1587936,5.159505,6.1411276
6471147842541,-3.335123,6.775591,9.61272
6471349144124,2.1703439,4.027047,7.062895
6471547813833,0.6404489,5.843049,7.297527
6471747597625,3.1244333,3.7205894,14.501679
6471948164083,0.49679685,4.000711,5.9902925
6472147939000,-0.1364695,5.019444,8.208521
6472347802375,0.18195933,4.4328647,11.876437
6472548192208,1.6531962,3.8402996,4.7285485
6472747534542,1.9488802,6.290765,11.8896055
6472947502292,-0.59495914,4.144363,8.517372
6473149115000,0.21547815,4.045004,4.8542438
6473347614375,0.78769237,6.5816603,9.902418
6473547956125,-0.8714894,4.10845,8.604761
6473748857709,1.009156,4.782418,5.7544637
6473947886792,-0.6847417,9.048885,12.032061
6474147863126,0.28491,3.0777464,9.659407
6474348159584,1.401805,5.657499,5.925649
6474547353751,-2.0362685,7.8769236,12.58153
6474747927584,1.210269,3.9468415,5.2301335
6474949351501,0.8283938,5.9172697,7.303512
6475147937043,1.6771383,6.95755,14.4609785
6475347754418,1.1683705,3.3135753,5.2660465
6475548730376,1.2282255,5.7999535,9.228451
6475747885876,-1.34195,5.805939,16.476896
6475947857752,1.1791444,3.515885,3.5194764
6476148406752,2.0506337,6.30513,9.357738
6476347739252,2.8275523,4.8817773,10.6158905
6476547581085,0.93134445,2.9293058,2.7030537
6476749093210,1.7046716,7.1873937,10.21965
6476947513044,0.17836803,3.3315318,8.407239
6477147475210,1.5765818,4.1946416,5.815516
6477348185127,1.3922282,6.707356,8.034941
6477547568044,1.2066777,5.1235914,7.7248917
6477747717002,-0.25378537,4.31076,4.987122
6477948147211,-0.82360536,7.2364745,9.003395
6478147703378,-3.4691982,4.960786,8.298303
6478348083128,0.09816227,4.808754,5.351041
6478548966419,-0.33997664,8.067263,9.621099
6478747654253,-1.3311762,5.5401826,9.466674
6478947549961,-0.36032736,5.159505,5.011064
6479148214045,-0.641646,7.9691005,10.101137
6479347890795,-2.2697031,5.4288526,9.5013895
6479547775628,0.30645782,5.577293,5.8681884
6479736932087,0.31483752,8.474277,9.697714
6479936866128,-0.1316811,4.6339774,10.1861315
6480137123670,0.21188685,5.705383,6.525397
6480336944170,-2.7832594,7.503428,8.076839
6480536868462,-0.6871359,4.855441,7.0581064
6480737093796,0.8391677,5.9184666,7.2328835
6480936987879,0.35553896,7.5165963,14.86081
6481136949587,-0.110133275,4.5633483,7.1514807
6481327588421,-0.15322891,5.4300494,6.646304
6481527557338,-1.5310919,6.2021794,14.124593
6481728403129,-0.079008654,4.343082,5.3594203
6481927787713,1.0007763,6.5481415,9.449914
6482127996713,2.0638018,5.2049947,10.328587
6482328891505,0.8559271,3.7696705,4.5896845
6482527422588,-0.272939,6.9862804,9.044097
6482727755296,-2.3020248,5.133168,9.108741
6482928140297,1.0187328,4.1611223,4.973954
6483127570422,1.6938977,8.030152,10.56681
6483327558963,0.32800564,5.543774,9.249998
6483528501464,-0.81881696,4.497508,4.0378213
6483716760255,-2.790442,8.3150625,8.220491
6483916681589,-2.2361844,5.021838,8.47308
6484116989839,0.89543146,5.0781016,6.447585
6484316771422,1.3551182,7.499837,13.375208
6484517091547,0.81283146,4.1383777,6.3805475
6484716985172,0.59735334,5.555745,7.4735007
6484916419798,-0.039504327,6.2129536,14.368801
6485117102548,-0.61291564,3.822343,3.1735144
6485316722964,1.8219875,7.337031,12.876017
6485516486048,1.4951789,5.8346696,6.6893997
6485717134298,0.40102878,3.9193082,3.7924154
6485916915215,-1.103727,8.965088,10.8864355
6486116937423,-0.90979666,2.9712043,5.5282116
6486316983757,0.7290344,6.4104753,6.751649
6486516923465,-0.8583213,8.887277,10.620679
6486716957715,0.6907272,4.0737343,8.143877
6486917042548,2.1918917,5.261258,9.305065
6487116919507,-2.823961,7.789535,13.377602
6487316954465,1.0103531,3.7936125,4.2437224
6487516714049,2.445677,7.098808,8.870518
6487716933341,4.947618,4.594473,8.526949
6487916842507,0.5303157,1.7824832,5.3354783
6488117074299,1.496376,7.037756,8.825027
6488316909632,-2.0386627,6.173449,9.996989
6488516780091,2.4660277,4.593276,5.1571107
6488716681674,0.2717419,10.235212,7.2364745
6488916519383,0.49440265,6.393716,7.752425
6489116448216,0.22744916,6.0118403,4.5501804
6489316744675,0.7469909,9.642648,7.943961
6489516641175,-0.7661445,5.8442464,5.6910176
6489716825091,1.2533646,6.625953,5.437232
6489917069675,1.3227965,9.643845,8.180987
6490116890883,0.47046062,4.677073,8.119935
6490317013258,0.91578215,5.9543796,6.787562
6490516582009,-2.8778305,7.4746976,11.089942
6490716821842,1.0235212,4.7656584,4.9320555
6490916880967,0.7134721,6.167464,6.3123126
6491116546634,1.340753,7.171831,15.031996
6491316374301,1.0929531,4.250905,4.911705
6491516967926,0.8678981,6.9731126,8.081628
6491716596092,-0.06823475,5.389348,13.092692
6491916810718,1.3946224,4.5884876,4.656722
6492116760801,1.7489643,7.08564,7.026982
6492316946718,3.5326445,5.1319714,7.445967
6492516371884,0.7517793,4.3646297,4.0521865
6492716751718,0.8870517,7.837419,8.171411
6492916957135,0.08140286,4.9919105,8.316259
6493116732885,2.1452048,4.721366,5.2887917
6493317104427,2.3942018,8.038532,10.218452
6493516935552,0.4141969,4.957195,9.829395
6493716759010,0.015562311,5.234922,4.7896004
6493916550260,1.1827357,7.8829093,10.588357
6494117023135,0.05865794,5.2840033,8.686164
6494316901927,2.3535004,4.733337,6.029797
6494516912552,1.3838485,8.816648,12.814964
6494716916677,2.1499932,3.596091,7.2005615
6494916897594,1.6927006,5.6886234,8.209718
6495116907386,-2.5067291,7.429208,13.939042
6495317053261,1.4089876,4.7429137,6.093243
6495516941928,1.5993267,7.4806833,7.5549035
6495716905261,3.5218706,5.8909335,10.371682
6495916975094,0.29209262,4.5046906,5.021838
6496116876386,0.82121116,7.630321,8.226477
6496316907053,-0.878672,6.114791,10.260351
6496516680095,0.19871874,4.698621,6.71813
6496716744428,0.50996494,7.141904,8.574833
6496916764470,0.961272,5.1798553,7.5908165
6497117014345,-0.34117374,4.6375685,6.4667387
6497316765845,-0.12569559,7.547721,9.8198185
6497516860970,-2.743755,5.81791,10.107122
6497717007137,0.37828386,4.72376,5.171476
6497916776970,-0.20231004,8.639477,7.723695
6498116889637,-0.088585466,4.8374844,10.004171
6498316841804,0.8355764,5.7041855,7.418434
6498516436846,-1.9668367,6.8186865,12.178107
6498716928846,0.36391866,4.8578353,6.2608376
6498917015263,0.79128367,5.886145,6.4248405
6499116676596,2.7461493,5.9304376,12.77546
6499316774846,0.17717093,4.1742907,3.560178
6499517031346,0.19752164,7.3059063,8.779537
6499716872471,-1.3120226,5.195418,8.087613
6499916879263,1.5382746,3.1603463,3.7924154
6500116571513,1.6424223,8.51019,11.895591
6500316668347,1.8674773,4.4005427,8.042124
6500516957013,-0.23104046,3.6284127,3.5817258
6500717028638,0.049081136,7.7919292,11.801021
6500916877472,-1.3910311,4.331111,8.086416
6501116909347,1.30484,5.415684,5.5377884
6501317024722,0.035913024,9.676167,12.3516865
6501516749430,0.12330139,3.799598,7.2221093
6501716877347,0.47165772,5.628768,7.3729444
6501916498639,-0.7278373,6.7480574,15.860389
6502096472639,1.4305356,3.7253778,4.284424
6502296349056,1.2090719,7.1634517,9.65821
6502496960681,4.746505,4.298789,5.6359506
6502696710014,-0.23702596,3.9695864,4.224569
6502896569556,-0.31124622,7.371747,9.246407
6503096887098,-0.6536171,5.2157683,9.312247
6503296857431,1.388637,4.406528,3.9612067
6503496157515,1.5586253,8.998607,10.396821
6503696948640,-0.7493851,5.3845596,9.346964
6503896977640,-0.2777274,5.115212,5.5820813
6504096954140,0.33638534,8.562862,9.765948
6504296799348,-1.1133038,5.2325277,8.787917
6504496966015,1.2892777,5.3438582,5.5748987
6504696840765,-0.05865794,10.132261,9.682152
6504896836432,-0.2813187,4.783615,10.133459
6505097094640,0.49200845,5.801151,7.035362
6505296501557,-2.9257145,8.297106,12.549209
6505496891474,0.48602295,4.259285,5.046977
6505696924974,1.271321,6.5241995,7.1826053
6505896956141,2.7473464,5.686229,14.864401
6506096619766,0.08738836,4.0737343,3.7912183
6506296888016,0.8643068,6.5086374,8.756793
6506496452849,0.2801216,5.973533,10.058042
6506696886100,1.7106571,4.3897686,3.5063083
6506896399933,1.30484,7.6614456,10.739192
6507096650225,1.4520833,5.281609,7.6015906
6507296972058,-0.21068975,4.572925,4.2461166
6507497183225,0.41060558,7.8505874,8.828619
6507696930808,-1.186327,5.139154,8.9602995
6507896884850,2.6898856,5.257667,6.95755
6508096801017,-0.51355624,8.858546,12.179304
6508296918309,0.59615624,4.0940847,8.103176
6508496949892,0.37469256,6.14831,7.65546
6508696701434,0.055066638,5.985504,16.670826
6508896856851,0.6548142,4.6603136,4.3897686
6509096987101,1.7812861,7.0221934,9.070433
6509296808934,2.1667526,5.439626,5.7867856
6509496982393,-0.5518635,4.045004,4.596867
6509696572726,-0.06823475,8.780735,8.866926
6509897082018,-3.3063924,5.6527104,5.2624555
6510096844435,0.7266402,5.840655,4.1826706
6510296883351,0.29448682,9.743204,9.987412
6510497137101,-0.019153614,4.8961425,8.130709
6510696961351,0.10295067,5.8813562,6.740875
6510896875477,-1.7669208,7.067683,12.569559
6511097080310,0.2885013,4.4915223,4.0761285
6511296896352,1.9129672,6.599617,8.826224
6511496313394,3.1136594,5.1559134,11.020511
6511696336477,0.33039984,3.9671922,4.6399627
6511896528644,-0.075417355,6.945579,9.629479
6512096864185,1.7465701,5.297171,7.302315
6512296990352,1.3000516,3.8307228,4.4220905
6512496764019,0.81522566,8.340201,11.249157
6512696808686,1.0235212,4.794389,7.1634517
6512897005603,0.23104046,4.4963107,4.501099
6513096489394,0.19273324,9.103952,9.485827
6513296335811,-2.468422,4.570531,6.491878
6513497074769,1.8207904,6.030994,6.1746464
6513696991478,2.207454,9.664195,11.626244
6513896681353,-0.7553706,4.8781857,9.295488
6514097022520,-0.11252748,5.9531827,5.7999535
6514296924687,-2.2050598,8.046912,13.289017
6514496427478,1.3718776,5.2744265,4.146757
6514697031812,2.755726,7.180211,8.614338
6514896885437,4.8003745,5.2205567,7.8039002
6515096818937,0.046686932,4.209007,4.0019083
6515287297312,0.045489833,7.347805,8.322245
6515487427520,0.260968,5.4551888,8.49343
6515688216312,1.9405005,4.332308,4.606444
6515887429854,1.9405005,7.489063,10.251971
6516087511271,1.8626889,5.398925,9.24521
6516288074104,-0.4381389,5.1439424,3.0430303
6516487470438,1.7190368,8.671799,8.078036
6516687574688,-2.1212628,5.577293,6.6905966
6516888940979,1.3431472,5.755661,6.1542954
6517087852480,0.58897364,10.195708,9.986216
6517287916521,-0.2825158,4.727351,8.938752
6517487829230,0.015562311,5.9388175,6.417658
6517687828646,-0.5686229,8.062474,11.944673
6517887701605,0.8619126,4.4125137,3.0334535
6518089091813,2.1308396,7.061698,7.5668745
6518287763188,4.5633483,5.568913,11.552023
6518487831105,0.14724341,3.9468415,4.0821137
6518689324022,0.89543146,6.7743936,7.7069354
6518887410897,1.234211,5.4647655,11.979388
6519087688230,2.0614076,4.795586,5.3139305
6519288701022,0.92176765,7.9726915,9.242816
6519487359856,4.3179426,5.2444987,7.0102224
6519687330356,0.4261679,4.7668557,4.662708
6519887903064,-0.28491,7.7428484,8.316259
6520087335314,-2.0817583,6.1866174,7.9631147
6520287659314,0.5446809,4.8374844,6.465542
6520488913064,0.4357447,8.556877,9.758766
6520687277856,-1.5131354,5.106832,9.944317
6520887789023,-0.051475335,5.2385135,5.4384294
6521087852981,-0.89902276,7.61835,8.271967
6521287541065,-0.79487497,5.449203,8.76996
6521487401232,1.5957354,5.09127,6.042965
6521688307232,-0.3184288,8.129512,10.542868
6521887574982,0.45010993,4.7285485,6.8186865
6522087887357,0.34596214,5.723339,6.8091097
6522288605774,-2.1404164,5.142745,14.566323
6522487431357,1.115698,5.0014873,5.7975593
6522688406232,1.2090719,5.825093,8.201338
6522887792232,2.542642,5.4527946,13.597869
6523087701482,0.961272,3.9815574,4.450821
6523287785941,0.5315128,6.0118403,9.738416
6523487896191,-0.22026655,4.675876,12.88679
6523687681483,0.6655881,4.3167458,4.235343
6523888425191,1.9512744,6.4188547,10.169372
6524088850983,2.5462334,5.255273,7.1371155
6524287771191,0.44771573,3.726575,4.322731
6524487241108,0.59376204,6.6247563,8.300697
6524676402900,1.9297266,4.0940847,12.86644
6524876840233,1.2904748,4.1611223,4.0581717
6525076440733,3.3913867,4.5777135,13.016078
6525276614233,4.841076,4.1802764,6.0597243
6525476938859,-0.6631939,3.594894,3.5817258
6525676365484,0.073023155,7.0928226,7.914034
6525876830525,0.8319851,5.021838,9.143456
6526076739650,2.337938,4.435259,5.9687448
6526276708359,1.033098,7.1071877,9.49301
6526476922609,4.6100354,4.594473,6.4368114
6526676776276,1.186327,4.3299136,3.833117
6526876419401,0.50278234,7.5345526,8.425196
6527076813776,-2.2218192,6.1183825,7.583634
6527276938859,1.3575124,4.9045224,5.602432
6527476902276,0.5291186,7.833828,8.598776
6527676898235,0.39264908,5.2564697,9.105149
6527876833485,-0.23463176,4.7165775,4.9775453
6528076784485,-0.45848963,8.480263,11.307815
6528276873485,-2.2158337,4.8973393,8.717288
6528476828235,0.41180268,5.17387,5.2002063
6528676771443,0.700304,8.461109,9.259575
6528876453985,-1.1444284,4.7644615,10.370484
6529068498194,-0.51954174,4.9703627,4.8578353
6529267446985,-0.52073884,7.3657618,9.968259
6529467407444,0.01316811,4.0378213,10.14543
6529669020777,1.6639702,5.1810527,7.6746135
6529867659527,0.90141696,8.641871,9.472659
6530067879861,-0.6368576,3.4105403,8.74961
6530268551611,0.5386954,5.531803,7.231686
6530467661153,-2.0374656,7.3226657,10.0903635
6530667618778,0.2777274,4.525041,7.338228
6530868232028,1.6986861,5.1918263,7.799112
6531067864195,-0.4225766,6.443994,14.706384
6531268000320,-0.33399114,3.9971197,5.317522
6531468844528,1.5466543,5.461174,6.918046
6531667732653,-2.5366566,4.9883194,17.432182
6531867740903,0.89423436,4.1946416,3.4632127
6532068831112,0.9792285,6.482301,7.657854
6532267602737,2.1787236,3.1040826,11.3640785
6532467639737,0.49320555,4.1012673,5.590461
6532667985445,0.8559271,6.68102,9.931149
6532867397070,-0.14963761,3.3961751,8.810662
6533068084904,0.7410054,4.3766007,5.5725045
6533268848987,0.9648633,7.515399,10.607511
6533467699612,-0.1376666,4.394557,7.2927384
6533667616071,0.48362875,5.092467,5.7029886
6533868045488,-0.15322891,6.9503675,9.776723
6534067779238,-1.7836803,4.8458643,8.1343
6534267752613,0.076614454,5.29358,5.813122
6534468197863,0.8619126,7.8709383,10.448297
6534667953905,0.49559975,4.0342298,9.659407
6534867653946,0.521936,5.318719,6.903681
6535068583155,-3.2381577,6.915652,10.058042
6535267483780,-0.29688102,4.5501804,6.0405707
6535467684863,0.59974754,5.6946087,6.999449
6535668301697,1.3012487,5.840655,14.7638445
6535867859030,0.51954174,3.8869865,6.385336
6536067389489,-0.5327099,6.2009826,7.0545154
6536268377197,-1.5011644,5.033809,12.788629
6536467919114,0.37948096,3.976769,5.1607018
6536667778447,-0.079008654,7.8625584,9.9550905
6536868831906,2.0482395,4.6806645,10.609905
6537067106614,0.9911995,3.4009635,5.0781016
6537267491906,-1.0618285,6.8761473,9.579201
6537468212656,-2.918532,4.4484267,6.411672
6537667746364,0.4261679,4.1539397,5.3079453
6537867147448,0.8643068,9.057265,12.224793
6538068028365,1.4652514,3.1112652,9.607931
6538267751906,0.22385786,4.92607,6.908469
6538467896323,-2.0099323,7.57286,12.758701
6538656791031,0.427365,3.0382419,5.08289
6538848769740,1.5119383,6.5325794,8.892065
6539047671573,2.540248,5.7149596,12.644977
6539247678282,1.8626889,3.4249055,4.1635165
6539448531740,-1.1492168,7.1311297,8.8645315
6539647727657,2.31639,4.0581717,10.466252
6539847680407,0.090979666,4.322731,3.8714242
6540047982824,1.733402,7.952341,11.56998
6540247425491,0.48362875,3.4943373,9.953894
6540447611032,-0.18555063,4.5118732,4.787206
6540648833116,1.3551182,8.238448,13.475764
6540847814491,0.31004912,4.3754034,9.721656
6541047891783,1.4820108,5.5880666,8.104373
6541248661991,1.436521,7.6171527,13.53562
6541447746783,0.94331545,3.2860417,6.671443
6541647788325,1.887828,5.723339,8.704121
6541848663450,1.5047557,4.1934443,14.737509
6542047762991,1.79206,3.5781345,4.453215
6542248421700,1.2150574,6.991069,10.881647
6542449450700,4.915296,2.8203697,8.309077
6542647396533,0.031124622,3.940856,4.5741224
6542847646200,-0.29927522,8.528147,9.40203
6543048170992,-3.5613751,4.8578353,6.9252286
6543247764825,1.1360487,4.189853,3.716998
6543447809075,1.2330139,10.381259,11.200075
6543648301201,2.2756886,3.881001,11.353305
6543847754576,0.7457938,5.379771,5.60722
6544047664159,0.2885013,7.941567,14.153323
6544248839951,1.009156,3.359065,6.5936313
6544447898826,0.91937345,7.5213847,8.625112
6544647813659,3.502717,3.6846764,12.045229
6544848314076,-2.0111294,4.450821,5.057751
6545047300201,-0.17477672,7.3190746,7.687782
6545247357868,-2.0099323,4.1479545,7.5549035
6545448365576,0.6943185,3.810372,3.714604
6545647778326,0.7170634,7.418434,9.338584
6545847205827,1.7848774,3.763685,9.01776
6546048925493,0.020350715,4.5058875,3.9815574
6546247511743,-0.21787235,8.86932,10.15381
6546447650119,1.2485762,3.4620156,8.839393
6546648129660,-0.6847417,6.099229,7.3753386
6546847740994,1.2449849,6.435614,15.555128
6547047207285,-0.074220255,3.882198,4.68665
6547248504619,0.760159,6.269217,9.099164
6547447268994,-0.34835634,4.1036615,10.494983
6547647338119,1.2641385,3.6631286,3.927688
6547848562078,1.2138603,7.2125325,10.455479
6548047556953,1.8423382,4.5633483,6.9467764
6548247641744,-0.7146692,3.9719806,5.7999535
6548436558994,-0.60453594,5.7975593,9.569624
6548636814745,-2.1057005,2.693477,8.735245
6548837001661,-0.59256494,4.261679,6.8162923
6549036808828,0.22026655,7.7440453,10.900801
6549236845995,0.49440265,2.896984,12.026075
6549436984953,0.60693014,4.3047748,7.192182
6549636812703,-3.0573955,5.876568,11.188105
6549836682078,0.08499416,3.0969,7.7488337
6550036359245,-0.5793968,5.315128,9.065644
6550236892745,2.4001873,3.2561142,15.358804
6550436869495,-0.8295909,3.2716765,4.2760444
6550636497287,1.1851299,5.427655,10.317812
6550836821079,-0.35793316,2.4049757,10.38485
6551036310746,2.5941176,3.4967315,4.757279
6551236704246,1.0785879,6.077681,10.6637745
6551436366621,2.1045034,3.6966474,5.753267
6551636354204,0.32321724,3.9935284,5.437232
6551836944579,-0.985214,6.7564373,9.115923
6552036209788,-1.0941502,3.6236243,9.251195
6552236796038,0.5602432,4.2640734,5.2660465
6552436976413,0.92775315,8.08881,11.230003
6552636705913,2.0350714,2.565387,10.852917
6552836447205,1.115698,4.247314,8.597578
6553027251205,-2.2038627,6.18542,11.680113
6553227382497,0.62728083,3.027468,8.304289
6553428825955,0.7062895,5.365406,8.41921
6553627848205,1.377863,4.2521024,15.98369
6553827789580,0.36990416,3.1016884,5.7149596
6554028397455,1.6591818,5.875371,8.652645
6554227564164,1.34195,2.1883004,12.565968
6554427197914,2.2122424,3.5637693,4.223372
6554628414872,1.9213469,6.4248405,10.833763
6554827464581,3.38181,3.300407,6.811504
6555027381331,-0.45130703,3.9013517,4.961983
6555228783914,0.641646,6.7001734,9.879673
6555427684456,-2.327164,3.5051112,6.7480574
6555627876831,0.6811504,3.9492357,4.9775453
6555827885915,2.1787236,6.8402343,11.498154
6556027822040,2.9245174,2.8921957,11.060015
6556227638582,1.1348516,4.5058875,8.127118
6556428216748,-0.29209262,7.091625,10.755951
6556627725540,1.8267759,3.41892,10.070012
6556827835790,-0.062249243,5.2061915,7.560889
6557028822665,1.4377182,6.803124,13.345281
6557227925040,0.15562311,3.1040826,8.016984
6557427648207,1.2569559,4.9703627,8.972271
6557628003624,0.31004912,3.7110126,16.889896
6557827239041,1.9620483,3.620033,5.9507885
6558028114916,0.59615624,6.0489507,9.9790325
6558228368291,3.7660792,3.2022448,12.1840925
6558427614749,-0.6919243,3.6715083,3.7086184
6558627260541,0.48482585,6.8665705,9.451111
6558828726583,-1.8698715,3.4129345,6.9743094
6559027370625,0.770933,3.3865983,3.9324763
6559228108000,1.6256629,6.728904,10.7990465
6559428050833,2.384625,3.7469256,5.686229
6559627616875,0.23104046,3.834314,5.997475
6559827866625,-0.1604115,6.7959414,11.258734
6560027987458,0.046686932,2.5725696,12.721591
6560227577417,0.29209262,4.4328647,6.155493
6560427349167,0.20231004,6.2368956,10.086772
6560629202334,0.2861071,2.4157495,11.221623
6560827726417,0.49440265,4.0019083,8.123527
6561027358417,-2.4372973,4.933253,12.808979
6561227943167,0.6811504,3.3423057,9.069236
6561427920126,-0.36750996,5.100847,8.692149
6561627465084,0.9648633,3.107674,14.595054
6561827950543,-1.1204864,3.2393548,5.6347537
6562027357751,0.4237737,4.84347,9.446322
6562227191126,-2.4552538,2.7581203,11.8022175
6562428698209,1.3383588,3.4093432,4.9919105
6562616548251,1.6783354,5.153519,9.531317
6562816893376,4.033033,2.9340942,9.698911
6563016826043,0.5662287,3.572149,6.1195793
6563216721918,-2.2361844,6.254852,11.020511
6563416562293,-1.6124948,2.0027497,8.966286
6563616257877,-1.0319009,2.956839,5.0721164
6563816506168,1.4544775,5.1439424,11.887212
6564016357460,-0.7374141,2.908955,11.079168
6564216730710,0.49919105,4.095282,6.825869
6564416407502,0.34476504,6.455965,10.111911
6564616932002,0.93613285,2.801216,8.3390045
6564816761377,1.6795325,4.000711,6.7265096
6565016359877,1.3323733,6.2823853,14.283808
6565216756627,0.5386954,3.2429461,4.38498
6565416471336,1.6364368,5.3019595,10.649409
6565616984794,-0.8379706,3.727772,13.3943615
6565816605461,1.1216835,4.134786,5.9304376
6566016692128,0.5734113,6.5696893,9.40203
6566216902378,1.1575965,5.273229,7.40766
6566416460586,0.025139118,4.691438,6.363788
6566616501545,-0.0035913025,7.8589673,9.704897
6566816629670,-3.0585926,4.7788267,7.9786773
6567016743628,0.80325466,4.59567,5.3522377
6567208297962,1.4903905,8.754398,8.554482
6567408212420,-0.90381116,4.3382936,11.647791
6567607921004,-0.49081135,5.33907,6.6187706
6567807918545,-0.5530606,7.1167645,9.788693
6568009024420,1.0522517,3.679888,8.078036
6568208028671,1.389834,5.2516813,8.567651
6568407905504,0.8523358,6.4607534,15.665261
6568608615046,0.92895025,3.515885,5.222951
6568807643963,0.9888053,5.78918,7.717709
6569007905171,-0.19512744,4.84347,15.759832
6569209010129,1.8124107,4.0821137,5.7496753
6569407945421,1.9871874,5.626374,7.4567413
6569607996005,5.021838,5.3486466,14.7877865
6569809034171,0.878672,3.4105403,4.132392
6570007984421,0.59735334,5.631162,10.475829
6570207863922,-1.0414777,4.7896004,13.1477585
6570408657713,0.35434186,3.8031895,4.9440265
6570608566088,0.33279404,5.699397,8.789114
6570807622963,-0.35194764,5.377377,11.56998
6571009063339,1.4951789,2.9819782,3.9671922
6571208381172,0.45729253,6.3589997,9.690532
6571407461755,-0.6667852,2.4420857,8.637083
6571609021797,1.9859903,3.345897,7.1407065
6571807980214,-1.0761937,6.4416,10.93791
6572007995256,1.198298,3.1304188,9.372103
6572208415381,-0.21667525,3.7074213,5.5006785
6572407582589,0.8511387,6.513426,9.427169
6572607585881,-3.2202013,3.3423057,6.64391
6572808354006,1.4137762,4.1012673,5.4791307
6573007860840,1.2449849,6.6965823,11.271901
6573207787756,2.135628,2.706645,10.262746
6573409044840,0.63206923,4.011485,6.2021794
6573607892673,1.3802572,7.7129207,11.456255
6573807694965,-0.7769185,2.4720132,10.967838
6574008761423,0.92416185,4.23654,4.6579194
6574207326965,0.25378537,7.872135,9.516952
6574407843049,0.61650693,2.8526914,11.585542
6574608257382,-0.022744916,4.0545807,7.359776
6574807568132,-3.1651347,5.813122,11.307815
6575007845340,-1.3479356,3.1854854,9.816227
6575209353674,-0.25498247,4.9176903,7.41604
6575407559382,0.10414778,8.24563,10.757148
6575607400132,-0.075417355,2.7820623,9.956287
6575808325091,0.110133275,4.5741224,8.212111
6576007977633,-2.3942018,5.45878,14.010868
6576208014174,0.21906945,3.3889925,8.194156
6576408168508,-0.47764325,5.8693852,6.801927
6576607926883,0.8834604,4.5394063,15.283386
6576807959091,-0.051475335,3.4524388,6.9719152
6577009119133,-0.076614454,4.631583,8.872911
6577196326508,-2.232593,2.7090392,15.908273
6577396908217,0.01316811,2.3259668,7.1766195
6577596775008,-0.08379706,4.8267107,7.5213847
6577796786800,0.61291564,5.0302176,14.563929
6577998110759,0.91099375,3.276465,5.717354
6578196433759,0.022744916,5.770026,8.355764
6578396590009,-1.3335704,3.1148565,13.063962
6578596572717,0.664391,3.942053,5.8358665
6578796887051,-0.4297592,5.7736173,8.969876
6578996139926,2.5210943,4.2281604,7.2149267
6579196911217,-0.24061728,3.7205894,5.0038815
6579396630176,-0.1364695,6.0836663,9.507375
6579596264468,-2.043451,2.8694508,11.392809
6579796798468,0.81402856,3.6332011,4.9524064
6579996464843,2.6503813,5.9843073,9.051279
6580196797051,2.7760768,3.5769374,6.862979
6580396900676,0.6679823,3.4141316,5.5856724
6580596290968,-1.5358804,6.5337763,7.8529816
6580796254843,-2.4911668,3.8055837,8.312668
6580987745135,0.1352724,4.146757,5.6682725
6581187213593,0.5650316,6.117185,10.056845
6581376982135,2.9317,3.857059,6.101623
6581576921177,0.051475335,3.5781345,6.089652
6581776554385,-0.8619126,6.339846,8.829816
6581976785552,-2.6563668,2.5953147,9.003395
6582176697636,1.2318168,3.3794158,5.4061074
6582376574052,0.51954174,6.2105594,10.3453455
6582576266344,1.3922282,3.1376014,8.556877
6582776805928,-0.25977087,3.9240966,4.2437224
6582976380886,-1.8315643,6.385336,9.312247
6583176215344,-3.8642416,1.9644425,8.790312
6583376699094,0.5374983,3.845088,5.542577
6583577013636,1.8064252,5.415684,11.040861
6583776704553,-0.18914193,2.553416,9.734824
6583976651053,-0.32321724,3.2932243,5.886145
6584176359887,-0.61171854,4.6782703,11.36767
6584376743887,-0.1364695,1.5119383,11.150994
6584576644595,1.5574282,3.655946,6.43322
6584776433762,2.3343468,5.309142,11.591528
6584976345012,0.1340753,1.9357121,8.8777
6585176614470,1.0163386,3.4093432,7.539341
6585376610304,-0.011971008,4.751293,12.58153
6585576804012,0.19752164,2.372654,9.445126
6585776763512,1.8854338,3.989937,8.780735
6585976907721,1.5861586,4.201824,16.832436
6586176786137,0.82599956,2.1320367,6.160281
6586376827304,0.8714894,3.8474822,10.176555
6586576432638,-0.6871359,2.111686,19.071014
6586776811721,-0.6871359,3.4153287,3.7110126
6586976885096,-0.11252748,5.6215854,7.7488337
6587177611346,1.4077905,4.322731,13.532028
6587377098846,0.48602295,3.1627405,5.118803
6587576429930,-0.4345476,6.081272,9.131485
6587776859763,-3.4739866,3.417723,9.610326
6587976797222,-0.5746084,3.6272156,5.9687448
6588176363472,-0.047884032,6.1040173,10.394426
6588376861389,1.7621324,4.656722,6.906075
6588576733430,-1.8112136,5.3857565,-0.17597382
6588776492764,-7.3442135,6.9958572,4.333505
6588976271055,-5.3139305,3.3159695,10.398018
6589176283639,-2.859874,5.363012,6.2943563
6589376545056,-3.1651347,7.1227503,8.307879
6589576416347,-4.1276035,5.6682725,10.031705
6589776802973,-2.4971523,4.7680526,4.533421
6589976262098,-4.084508,5.9400144,5.9986725
6590176901598,-3.750517,4.423288,7.699753
6590376874848,-1.4808137,5.1882353,7.514202
6590576768598,-4.26527,5.3486466,14.068329
6590776374598,-2.2864625,3.7181952,7.035362
6590976878681,-1.5969325,4.0019083,7.7332716
6591176844848,-2.7365725,2.6527755,16.721106
6591376941182,-1.1204864,2.3415294,3.5996823
6591576323973,0.61770403,5.1702785,10.432734
6591776267098,-1.8435353,3.0992942,5.6527104
6591976728515,-0.29688102,2.7593174,7.867347
6592176456224,-2.2493525,5.1355624,11.77229
6592376880849,-3.371036,3.6607344,10.401609
6592576947724,0.59974754,3.9743748,6.980295
6592776417891,-1.7764976,6.1686606,11.631032
6592976902391,0.19153613,2.3918076,6.2632318
6593176355516,-0.08020575,4.685453,10.242394
6593376534391,-3.9073372,3.6583402,15.002068
6593576867599,-1.3072342,3.1040826,4.343082
6593776397016,0.7326257,4.68665,8.550891
6593976620266,0.41060558,2.2421699,13.199234
6594176770600,-0.736217,2.7641058,6.697779
6594376449641,-1.0474633,5.0637364,9.61272
6594576893308,-4.6339774,3.3842041,8.652645
6594776834392,0.48961425,3.4979286,5.281609
6594976721017,0.82121116,6.6403184,12.807782
6595176795683,-0.7170634,3.1794999,8.9519205
6595376852392,-0.5315128,3.8391025,5.6826377
6595577004142,-3.6727054,5946,9.299079
6595776328517,0.439336,3.4931402,9.26197
6595976906767,2.3391352,4.5118732,11.10311
6596176956684,-0.45489833,3.9983168,15.8065195
6596376802559,-0.10295067,3.169923,6.0202203
6596576812559,0.027533319,6.343437,8.916007
6596776486351,-1.0761937,3.063381,14.147338
6596976578559,0.9684546,3.904943,4.748899
6597176793434,-0.8523358,6.2009826,9.628283
6597376903393,4.378995,3.6272156,8.792706
6597567320268,0.090979666,3.6044707,5.637148
6597768042935,0.5494693,6.903681,9.526528
6597967306185,-1.946486,3.904943,9.842564
6598167491977,-0.015562311,4.0904937,5.707777
6598367908227,-0.1364695,7.273585,10.643424
6598567244852,-0.7529764,3.9636009,7.9547353
6598767331643,-0.5303157,4.829105,6.045359
6598969896810,-2.0745757,5.85502,12.70124
6599167680394,-0.94690675,3.787627,8.935161
6599357423644,0.46447513,4.27365,6.1100025
6599547243561,1.4197617,8.192958,10.229227
6599736472311,-0.6380547,3.4237084,10.74398
6599937194936,0.9672575,4.5777135,6.815095
6600136974644,-2.8993783,6.575675,10.26514
6600336233811,1.30484,3.5553896,9.734824
6600536873561,0.37948096,5.5401826,8.158242
6600736968353,1.3587095,4.110844,12.78384
6600936368686,-0.047884032,3.6343982,5.4779334
6601136798603,0.8403648,5.9603653,8.371326
6601336974353,-0.37708676,1.5155296,13.121423
6601536311020,1.6424223,3.1052797,7.3765354
6601736393145,-0.8535329,6.0082493,11.212047
6601936450187,4.188656,2.0578163,9.616311
6602136336395,-0.6464345,3.4620156,5.3725886
6602337710895,0.1316811,5.827487,10.483012
6602536958812,-0.7469909,2.529474,8.804677
6602736474812,-0.48003745,3.4979286,5.7808
6602938273979,-0.81642276,5.052963,9.552865
6603136303312,0.7589619,2.8395233,16.333244
6603336228396,0.010773907,3.5302503,9.406818
6603536594812,0.34117374,4.26527,8.88608
6603736913729,0.7314286,4.8901567,8.634688
6603936565521,0.5722142,3.144784,12.865243
6604136759646,-0.8487445,3.2190042,10.8948145
6604336731479,-0.961272,3.1232362,9.799467
6604536834521,-1.2473791,4.283227,9.160215
6604736849146,-1.412579,4.507085,7.4208283
6604936921771,-0.4141969,4.811148,8.687361
6605136859438,-0.3890578,4.759673,9.046491
6605336938563,-0.8283938,4.855441,8.37013
6605536960647,-0.5542577,4.867412,9.607931
6605736820355,-2.0147207,5.1906295,7.8876977
6605937036855,-1.6448165,5.281609,7.7703815
