6904946804164,0.62967503,2.5474305,9.835381
6905137753498,0.5686229,3.632004,9.546879
6905336750373,1.79206,0.062249243,8.180987
6905526884373,-8.977059,-1.5011644,3.2573113
6905717934415,-11.269507,-6.637924,-5.493496
6905917750832,-5.4408236,0.10055647,-3.4991257
6906119535998,-2.9604304,-4.807557,-3.2740707
6906307180040,-2.4899697,-5.957971,-3.3865983
6906506636874,-2.267309,-6.849811,-3.13401
6906706650415,-15.184027,-39.2266,-3.9456444
6906898290832,-1.6579847,-9.399636,-2.706645
6907097725124,-2.372654,-9.850943,-1.5682021
6907298370457,-1.079785,-7.608773,-1.9716251
6907499103624,-2.9364884,-8.265982,-2.8526914
6907698743957,0.25977087,-7.7428484,-1.0905589
6907897815083,-2.6180596,-7.4591355,-1.5179238
6908098744416,-1.1683705,-8.328231,-6.2464724
6908297756166,-0.6548142,-11.525687,-6.8641763
6908498283541,-0.15083471,-15.884331,-0.6368576
6908698321500,1.4903905,-5.0661306,-6.597223
6908898046000,-0.17717093,-11.896789,-1.4927847
6909098224416,0.63206923,-9.679757,-7.606379
6909287145250,-0.08020575,-6.009446,-5.5030727
6909478943333,-3.7433343,-7.740454,-1.5071499
6909666799417,0.046686932,-4.132392,4.8255134
6909857958833,-3.383007,-10.022128,-5.9687448
6910058404917,6.715736,-11.693281,2.147599
6910258378792,-5.861006,-7.574057,9.683349
6910458182042,0.079008654,-11.76391,-5.683835
6910658118376,3.0119057,-4.900931,4.6471453
6910858489959,0.2705448,-4.437653,-2.1045034
6911058558417,1.3395559,-6.8043213,1.1324574
6911257839917,0.19752164,-4.6220064,-6.9527617
6911459193834,3.6487634,-13.643358,-1.9081788
6911657747376,6.823475,-28.331785,-4.0940847
6911858294626,-4.1335893,-3.6954503,-1.1755531
6912058474043,-5.8215013,-7.392098,-1.8136078
6912257733543,2.8191724,-7.457938,-2.778471
6912458287043,-1.2138603,-6.775591,-6.667852
6912658629626,-2.4049757,-11.443087,-0.997185
6912847203377,-2.4600422,-3.1771057,6.2345014
6913046945710,-5.559336,-19.12608,-5.1487308
6913247317293,5.8945246,-10.059238,-0.34117374
6913446949169,0.81163436,-10.626664,0.92895025
6913638483044,-1.0546459,-9.490616,-7.0688806
6913838075502,3.3782187,-6.4547677,6.6486983
6914038965669,2.1691468,-6.733692,-3.180697
6914238269044,-0.108936176,-9.056067,-0.8415619
6914437947169,-0.6560113,-6.1112,-5.354632
6914638454752,1.5119383,-15.133749,-2.8299465
6914837829836,10.688913,-23.992294,-4.3143516
6915038323669,-2.0266917,-4.581305,-7.9032598
6915239173836,-0.6404489,-9.226056,-2.2122424
6915437664503,3.4835634,-5.1475334,-3.3770216
6915637745211,-1.2186487,-6.567295,-4.7046065
6915838732628,-1.3455414,-8.005013,-5.1367598
6916038229670,2.0350714,-5.5018754,7.66384
6916238459337,-3.8151605,-9.664195,-3.4979286
6916438943170,1.2737153,-13.405135,0.92296475
6916626961962,2.956839,-4.271256,-6.992266
6916806728295,1.0319009,-10.760739,-3.4237084
6917006972045,6.0226145,-21.443668,-4.1623197
6917207051170,-4.1299977,-4.9895163,2.4588451
6917407272629,-5.8262897,-11.197681,0.8367735
6917606705171,4.8494554,-7.9547353,0.5506664
6917807811546,1.0474633,-9.78989,-4.9895163
6918007308171,-1.543063,-9.646238,-6.069301
6918185855754,4.1862617,-7.3633676,-1.6603789
6918347518004,3.4201171,-5.997475,-13.096283
6918538337088,-1.2557588,-17.476475,-3.3638535
6918726600921,0.9648633,-6.4284315,-3.1794999
6918929801796,0.7086837,-6.0166287,-9.489418
6919117662213,-2.885013,-7.3777328,-1.8016368
6919318617963,1.033098,-5.993884,5.7508726
6919518509546,-4.033033,-14.375984,-9.161413
6919719981130,1.6795325,-10.594342,2.1763294
6919919214505,0.6512229,-7.9810715,5.2504845
6920117957172,2.7629087,-13.001713,-6.6905966
6920306950588,5.5629277,-21.981165,-0.8535329
6920486804922,-5.046977,-6.2632318,-1.9752164
6920678492880,-6.099229,-11.277887,-3.217807
6920878828755,2.542642,-8.1079645,-0.047884032
6921077942047,-0.92535895,-11.9135475,0.29807812
6921277706214,-2.2984335,-10.352529,-5.391742
6921478722797,3.8869865,-7.241263,-0.40581718
6921677797172,3.1747115,-6.5086374,-6.0728927
6921877838881,-0.5494693,-11.398794,-1.661576
6922079167923,-0.60333884,-5.6156,-4.8039656
6922278127214,-1.0247183,-7.8888946,-4.477157
6922477919798,-2.871845,-9.24521,-4.4328647
6922678907465,-2.8898015,-2.2278047,5.9543796
6922877780215,-7.00304,-18.130093,-5.0182467
6923077694756,5.3606176,-12.534843,-0.19512744
6923278977507,-4.5394063,-15.537172,25.540146
6923478261507,-0.9588778,-9.277532,-7.7667904
6923677604423,2.8419175,-8.905233,-1.1659763
6923879210382,5.4061074,-7.523779,-7.321469
6924077592299,-5.731719,-17.84638,-3.7493198
6924278039132,-0.6799533,-7.9702973,-7.5549035
6924478720882,-2.553416,-10.510546,1.151611
6924678088049,4.4364557,-22.20263,-3.4943373
6924878220757,-9.355343,-5.0493712,1.0163386
6925078277299,-6.435614,-9.536105,2.3451207
6925278771924,3.942053,-6.329072,-1.9680338
6925478301591,0.91697925,-9.027337,-6.291962
6925679309674,-2.0506337,-8.451532,-5.7544637
6925877688924,0.4225766,-8.099585,6.967127
6926077740550,-0.830788,-8.816648,-6.1123967
6926278708591,1.8351556,-13.083116,-1.1372458
6926466699591,2.373851,-5.9603653,-6.133945
6926667186925,2.9520507,-13.615825,-3.3482912
6926866735675,9.095572,-23.319525,-3.9707835
6927066854550,-0.8762778,-5.351041,-6.5349736
6927266725008,-4.8386817,-14.275428,-2.0626047
6927466810259,0.91817635,-6.8007298,-5.497087
6927667128009,1.0414777,-5.4312468,-8.0684595
6927866567342,-1.9835961,-6.245275,-1.7896658
6928067057342,-3.4763808,-2.9125464,7.965509
6928267292634,-5.792771,-17.093403,-6.859388
6928466827842,4.3167458,-10.904391,0.36870706
6928666859551,1.2557588,-11.312603,6.4368114
6928866878093,-0.093373865,-9.562442,-6.4368114
6929066804676,4.277241,-8.899248,-0.08259996
6929266803968,6.591237,-5.529409,-7.428011
6929467379884,-1.0390835,-10.250774,-1.0726024
6929666860801,0.5770026,-5.3139305,-8.404845
6929866794593,-1.5933412,-12.39957,-1.4341269
6930067363926,10.752359,-24.957159,-4.4125137
6930267209968,-6.349423,-4.9907136,-1.6124948
6930467103135,-5.4264584,-9.336189,-0.6835446
6930667524260,3.0753522,-5.8945246,-2.0231004
6930867157177,-0.6655881,-7.764396,-5.0864816
6931066807635,-2.847903,-7.536947,-5.7508726
6931267192969,0.5805939,-6.6846113,9.545682
6931467131219,-2.2493525,-11.558009,-9.604341
6931667115302,4.5238442,-12.51569,1.839944
6931867364677,-0.62728083,-7.0461354,6.0740895
6932067110094,0.7769185,-9.660604,-8.383297
6932266807219,2.12246,-10.5919485,-3.2357635
6932466887969,6.0082493,-7.016208,-11.148601
6932658011719,-5.103241,-20.646399,-4.4484267
6932857946969,0.7266402,-6.093243,-6.8306575
6933059191345,-1.2018893,-6.349423,-5.058948
6933258364386,0.073023155,-14.062344,-0.58777654
6933458314511,-10.092757,-4.010288,3.38181
6933658167845,-5.8502316,-14.364013,-0.59495914
6933857931928,4.295198,-8.074445,0.5434838
6934058129678,-0.005985504,-7.599196,-3.5697548
6934258341345,-0.2908955,-7.21373,-6.6175733
6934457713887,2.7868507,-7.6051817,2.44448
6934658282804,2.3511062,-8.2037325,-6.8366427
6934859645679,1.0534488,-13.912706,-0.748188
6935057803679,2.337938,-5.100847,-9.151836
6935257539846,2.1655555,-13.998898,-2.9604304
6935458352304,9.193734,-27.791893,-2.3199813
6935658544346,-2.4025815,-5.055357,-4.0222588
6935858277971,-2.8909986,-8.019379,-2.15957
6936058306596,1.1456255,-6.5086374,-3.952827
6936258696221,-1.2234371,-5.306748,-7.69257
6936458279388,-2.3068132,-5.861006,-3.551798
6936659108763,-2.598906,-4.770447,9.938332
6936857773763,-3.490746,-13.551182,-8.683769
6937058201263,5.079299,-11.245565,2.9951463
6937258533013,-1.2677298,-10.042479,7.726089
6937457748722,0.47644615,-11.414356,-7.9212165
6937657979013,3.6104562,-9.742006,-0.46567222
6937858512972,7.433996,-6.5744777,-6.2943563
6938058080764,-1.1085154,-11.640609,-2.6527755
6938257771139,0.009576807,-5.6527104,-6.0022635
6938458932889,-0.6943185,-7.81228,-5.2660465
6938657733431,1.055843,-12.761095,-2.147599
6938857953264,-8.562862,-3.052607,3.8043866
6939058469014,-6.421249,-13.65892,-1.8447324
6939258300014,6.2500634,-6.8198833,-1.7357962
6939457945806,3.4476504,-10.260351,-4.4939165
6939658395473,-1.1575965,-7.7081323,-7.3346367
6939857997723,4.495114,-7.539341,0.6955156
6940057757806,0.33877954,-7.349002,-5.767632
6940259165390,1.6136919,-10.251971,-0.6871359
6940457649598,1.7381904,-4.847061,-8.074445
6940657590306,1.2366052,-10.0987425,-2.4911668
6940858411515,5.7484784,-15.502456,-4.972757
6941047217390,-5.707777,-6.1064115,5.7903767
6941246704182,-5.1547165,-10.540473,-8.34499
6941437495557,5.625177,-12.209231,4.2916064
6941638117557,-0.6512229,-9.332599,7.6506715
6941838621182,1.0582372,-9.465476,-8.859743
6942037587515,4.9883194,-8.710106,-1.2054806
6942239655307,7.961918,-7.061698,-7.2592196
6942438056974,-4.51307,-25.623943,-5.577293
6942638180099,2.4612393,-7.8745294,-8.854955
6942838654349,-0.5506664,-8.506598,-1.5251064
6943037833474,8.052897,-23.071724,-3.7612908
6943238248933,-8.038532,-5.0266266,1.9021933
6943438506016,-8.578424,-12.409147,-2.5270798
6943637718683,4.703409,-6.179435,0.6356605
6943838296808,0.20709845,-5.9519854,-5.222951
6944039147891,-3.5314474,-6.9958572,-1.8674773
6944238067142,-2.3702598,-5.5856724,10.348937
6944438465850,-1.8842367,-10.650606,-6.244078
6944638366725,4.7070007,-11.434708,4.5513773
6944838299725,-1.0019734,-7.076063,4.5920787
6945037773850,1.5251064,-9.5385,-8.907627
6945238337559,1.352724,-15.113399,-2.955642
6945437538184,2.7569232,-5.840655,-11.725603
6945637999809,-3.8881836,-23.99469,-5.2995653
6945838967184,-0.0011971008,-6.884527,-8.635885
6946037986684,2.0350714,-8.333019,-3.763685
6946237570934,-0.9792285,-12.167333,-2.0254946
6946438793518,-6.647501,-4.298789,5.422867
6946637627059,-6.7085533,-17.181988,-4.7081976
6946837604018,6.18542,-8.797494,2.267309
6947038555185,1.9261353,-9.330204,-3.843891
6947238109101,-0.5602432,-9.020155,-5.4791307
6947438085185,3.1998506,-8.695741,-0.6811504
6947639131143,3.7840357,-6.2871737,-4.3502645
6947838163893,1.8351556,-9.257181,-0.985214
6948038049477,1.4257472,-4.6136265,-8.218098
6948238558352,0.79487497,-9.975441,-2.1057005
6948438175727,14.514848,-29.273905,-1.9069817
6948638166810,0.82240826,-5.746084,-6.30513
6948838457060,-6.2524576,-8.312668,-2.6156654
6949038643852,2.1990743,-7.6602483,-3.1723173
6949238465269,-1.9213469,-4.656722,-8.128315
6949439177602,-2.243367,-7.5213847,-0.0035913025
6949638189519,-5.7640405,-5.5102553,12.398374
6949838504061,-2.8083985,-14.585477,-4.8973393
6950038643353,5.5018754,-7.9906483,2.3511062
6950237900269,0.1436521,-9.800665,-2.0278888
6950438475603,1.3251907,-7.5584946,-7.797915
6950638328311,1.021127,-9.770737,12.603078
6950837994686,5.4767365,-5.831078,-4.23654
6951037576395,4.2173862,-14.05995,1.5574282
6951239141478,4.274847,-6.1638722,-0.35673606
6951438195020,3.5087025,-11.481394,-7.315483
6951637589187,3.0370448,-13.798982,-2.3475149
6951838292103,3.1830912,-4.855441,-6.715736
6952037589562,-4.211401,-18.865112,-4.188656
6952238295479,1.0630256,-7.037756,-6.0381765
6952438216562,-0.37948096,-9.583989,-2.695871
6952638363104,-0.11971009,-14.325706,-2.3343468
6952838241146,-9.14585,-2.4193408,5.9041014
6953039054312,-5.261258,-18.6221,-1.2042835
6953237457146,5.109226,-8.637083,0.6548142
6953438165771,-0.18555063,-9.751583,-3.679888
6953638383646,-0.19153613,-8.779537,-7.1107793
6953837707271,3.1902738,-8.520964,3.204639
6954038126355,6.5505357,-5.81791,-6.2500634
6954238561646,0.9792285,-9.458294,-1.6651673
6954427507813,1.7465701,-5.141548,-6.0118403
6954626765730,1.0977415,-8.858546,-1.9237411
6954827119688,14.66688,-28.83337,-6.909666
6955027401938,-5.3019595,-4.6962266,2.2936451
6955226712355,-8.779537,-14.507666,-1.3850456
6955426839814,5.6982,-8.508993,1.3922282
6955626875939,0.4345476,-7.541735,-3.7229836
6955826918439,-0.9744401,-8.159439,-6.3099184
6956026786355,-0.46088383,-6.884527,6.8773446
6956226871772,0.63206923,-7.3753386,-6.5110316
6956427135856,2.3822308,-13.770251,0.9959879
6956627151939,2.693477,-6.539762,-6.540959
6956827335773,1.1827357,-10.080787,-7.4495587
6957027056564,3.0550013,-17.384298,-3.5613751
6957226708481,2.4372973,-4.4915223,-6.1207767
6957427066356,-2.4061728,-13.306973,-3.2609026
6957617720273,3.0310593,-8.677784,-4.1982327
6957818143481,0.10055647,-5.753267,-7.463924
6958018567440,-3.7900212,-6.303933,-0.91099375
6958217731773,-2.146402,-5.185841,6.719327
6958418731190,-6.7743936,-14.690822,-7.3406224
6958619389982,6.114791,-8.995016,3.1136594
6958818466982,0.05626374,-10.405201,-2.943671
6959017821899,1.8411411,-8.726865,-8.707711
6959218683149,4.4759603,-9.739613,0.2657564
6959418257315,7.3418193,-5.852626,-6.979098
6959618201691,-2.4911668,-13.864822,-4.19105
6959818676816,1.4664485,-5.7616463,-6.3925185
6960017969816,-0.93972415,-10.583569,-2.100912
6960218125649,13.6170225,-27.489027,-8.677784
6960419943941,-7.327454,-4.9763484,-0.82001406
6960617745483,-6.184223,-14.383166,-1.3371617
6960818079941,4.009091,-6.329072,0.320823
6961018448566,-0.9504981,-6.622362,-4.050989
6961218979316,-1.3587095,-6.0142345,-5.1379566
6961418933983,-0.5602432,-7.4854717,10.210073
6961618569400,0.59495914,-6.8450227,-6.2632318
6961818419067,1.9500773,-16.9294,0.61530983
6962018195692,2.9532478,-7.632715,11.823765
6962219217358,6.361394,-10.850522,-10.022128
6962417951192,1.6879122,-24.691402,-6.9000893
6962617909609,2.005144,-5.2385135,-6.0118403
6962818561525,-2.5187001,-6.435614,-3.5458126
6963017609900,2.1272483,-10.09156,-3.074155
6963218306359,-0.47764325,-5.1786585,-6.7803793
6963418509109,-2.9269116,-5.8226986,-1.7142484
6963618190942,-3.0490158,-4.83509,7.311892
6963818245859,-2.327164,-12.46182,-7.0569096
6964019625276,4.308366,-12.65575,2.7006595
6964217896234,-1.2868834,-9.1255,8.512584
6964418783318,3.8355112,-9.441534,-10.981006
6964618367651,3.4213142,-15.144523,-3.2261868
6964818125985,2.9987376,-5.1259856,-5.5365915
6965017871526,-5.1762643,-16.393099,-5.1439424
6965218497693,1.8004397,-7.8709383,-5.9483943
6965418320152,-0.023942016,-7.0545154,-7.1993647
6965617902777,-3.515885,-6.353014,-0.49559975
6965819592985,-5.093664,-3.965995,8.139089
6966018760444,-6.9623384,-17.57344,-7.85777
6966218589527,5.4300494,-12.052411,1.8471266
6966419033235,-2.36188,-10.827777,-0.50038815
6966618258861,2.2182279,-8.756793,-8.446744
6966819309611,3.4129345,-10.876859,-0.81642276
6967018646861,7.2352777,-7.5345526,-9.536105
6967218202111,1.6160861,-10.147824,-4.1036615
6967418227486,1.553837,-4.936844,-4.975151
6967619478778,1.9991584,-9.859323,-1.5741876
6967818152403,17.839197,-32.72395,-5.1798553
6968018492903,-3.594894,-4.745308,-3.8031895
6968218459570,-9.539697,-14.4609785,-2.7006595
6968418048111,3.5302503,-7.9152308,-1.4987702
6968618255528,-2.9005754,-5.8634,-2.5617957
6968818796070,-1.6867151,-6.540959,-4.261679
6969018070820,-0.17836803,-8.037335,9.138668
6969218083987,-0.3172317,-7.577648,-5.831078
6969419278987,2.303222,-14.6680765,0.5734113
6969618406029,3.9935284,-8.388085,5.378574
6969818596195,1.1815386,-10.047267,-7.487866
6970018886195,0.40342298,-14.395138,-3.3446999
6970217694779,5.499481,-6.2021794,-12.2319765
6970418140404,-6.3913217,-17.348385,-5.21936
6970618378654,3.0933087,-6.1650696,-6.7708025
6970818193404,-0.7757214,-8.640674,-3.527856
6971018060363,-0.20350714,-12.700043,-3.3722332
6971219348196,-6.75524,-4.1802764,4.119224
6971418023488,-2.992752,-18.699913,-0.9840169
6971617942030,6.658275,-7.062895,1.8100165
6971819003488,-2.4827871,-7.65546,-2.2948422
6972017973530,-0.48841715,-6.739678,-6.4044895
6972218187113,1.9333179,-8.643068,4.831499
6972418533363,3.788824,-5.6658783,-4.3167458
6972618031613,2.0973208,-11.878832,-0.044292733
6972817995238,4.0533834,-5.9759274,-5.2875943
6973019413030,4.96318,-11.212047,-6.167464
6973218127322,4.3382936,-21.006725,-5.619191
6973418275155,2.1260512,-4.4220905,-5.7041855
6973618507781,-2.4648306,-11.791444,-3.596091
6973817771364,3.8271315,-7.8302364,-3.915717
6974018130489,-0.2885013,-5.9412117,-5.849035
6974218543447,-2.4121583,-6.208165,-0.4201824
6974418168823,-5.069722,-4.799177,9.890448
6974618575823,-5.5389857,-19.84075,-8.945934
6974819224656,5.5258174,-10.152613,2.657564
6975018311531,-2.5139117,-9.655815,4.7500963
6975217678115,2.1080947,-7.9834657,-8.574833
6975419151281,1.6843209,-10.9187565,0.8343793
6975618339906,7.7344685,-3.870227,-7.053318
6975817761073,-1.2689269,-13.280637,-3.5458126
6976018773490,4.4196963,-5.920861,-9.461885
6976217807740,1.448492,-11.465832,-2.3762453
6976418291240,18.964472,-32.777817,-4.5034933
6976619242907,-1.5921441,-5.159505,-3.657143
6976817833115,-7.038953,-7.2388687,-1.8327614
6977017796615,5.816713,-8.121132,-4.0797195
6977218994699,-0.4441244,-5.9639564,-5.353435
6977418311907,-3.3255463,-5.971139,-1.9165585
6977618177824,-2.967613,-6.0202203,8.220491
6977819290033,-3.1651347,-11.880029,-8.631097
6978007801241,2.3391352,-12.447454,0.9528923
6978206861283,-0.22266077,-9.2308445,15.5599165
6978407193491,1.0079589,-8.846576,-8.9124155
6978607110116,1.3096284,-15.201983,-3.8235402
6978807282200,4.474763,-6.3302693,-12.835316
6979006804158,-4.4759603,-16.581043,-6.0357823
6979206944325,3.2513258,-6.457162,-6.4631476
6979407074408,-0.19632454,-8.420407,-3.5553896
6979607009617,-1.4460979,-12.064383,-0.38187516
6979806816617,-8.057686,-3.882198,6.503849
6980007218159,-5.3342814,-19.722237,-1.0606314
6980207074700,7.1191587,-10.405201,0.8690952
6980407194367,-3.144784,-9.437943,-3.9193082
6980607598159,-0.8798691,-7.753622,-7.100005
6980778158784,2.6755204,-10.307038,-1.875857
6980977679867,9.522937,-6.38773,-9.817424
6981178147576,-1.483208,-10.915166,-1.5370775
6981366805826,1.6603789,-3.892972,-5.7269306
6981549114993,-0.80804306,-8.821436,-4.3993454
6981746854034,-1.4879963,-14.069527,-1.5514427
6981946848618,-8.391677,-3.5553896,4.036624
6982146658285,-5.019444,-16.964117,-6.218939
6982347519326,6.245275,-7.7931266,2.445677
6982546991701,1.1168951,-7.752425,-4.921282
6982746787243,-2.5127146,-6.157887,-4.8147397
6982947015952,0.21787235,-8.031349,7.9786773
6983146543827,-0.11971009,-8.36175,-4.6471453
6983347141744,5.4085016,-12.220005,5.1583076
6983546706494,0.5243302,-8.917204,2.7365725
6983746399910,0.81163436,-6.7504516,-10.415975
6983946724994,2.5797524,-9.730036,-0.2896984
6984147092119,8.0684595,-5.4144874,-7.869741
6984347272452,1.2653356,-12.014104,-1.8926164
6984546724494,1.234211,-5.4982843,-9.65821
6984746800786,0.4177882,-10.952275,-1.6771383
6984946664911,14.087482,-25.105598,-2.4301147
6985147154911,-1.1911154,-3.7541082,-4.594473
6985346727119,-2.4744074,-10.3226,-0.7026982
6985546486870,4.7261543,-7.1754227,-4.782418
6985747326411,0.04309563,-5.671864,-8.548497
6985946998703,-3.1471782,-6.0621185,-0.8810662
6986147197370,-3.3770216,-4.268862,9.141062
6986347541953,-3.3626564,-12.382812,-10.053253
6986546999495,5.5976434,-10.26514,2.7353754
6986747139120,0.6751649,-10.09994,0.7697359
6986947042245,1.271321,-8.53892,-7.5848308
6987147084870,4.4208937,-9.568427,-1.3012487
6987346981079,6.183026,-5.3474493,-8.020576
6987547092454,-5.04578,-15.759832,-4.9943047
6987747087871,2.0374656,-6.0860605,-4.6722846
6987947184246,-0.5291186,-8.647857,-3.4201171
6988147070704,-2.4289176,-10.370484,-2.0901382
6988347626079,-5.2480903,-3.570952,7.2065473
6988546614913,-6.208165,-19.389442,-3.9671922
6988747192538,6.670246,-9.856929,0.7026982
6988947144330,0.037110128,-10.462662,-3.2597055
6989147133788,2.0626047,-9.568427,-7.526173
6989347913371,3.5087025,-9.355343,-0.545878
6989537703996,9.634268,-7.741651,-8.248025
6989738346872,-0.18195933,-13.087904,-2.9233203
6989939199330,3.1950622,-5.493496,-7.2185183
6990138254455,0.15083471,-10.357317,-1.5957354
6990338454664,16.193184,-31.751904,-5.7808
6990538210622,-5.064934,-5.5138464,-3.6739025
6990737781497,-9.077616,-12.506113,-1.1121067
6990938412372,5.2528787,-6.657078,-1.3922282
6991138295747,0.10055647,-6.727707,-3.6140475
6991338311664,-2.3415294,-6.7444663,-5.3594203
6991538567164,-1.5502456,-8.169016,9.160215
6991739316498,1.532289,-7.5094137,-5.140351
6991937589081,1.3120226,-11.657368,-2.0254946
6992138298664,3.8295257,-6.506243,-2.6360161
6992338177539,4.999093,-11.518504,-7.216124
6992538098456,5.067328,-17.438168,-4.882974
6992737709456,1.6675615,-4.4196963,-7.428011
6992938184040,-5.1200004,-14.155718,-4.5872903
6993137540998,3.0298622,-5.947197,-4.368221
6993338365790,0.22385786,-7.37055,-5.872977
6993539151373,-2.9963434,-10.0269165,-0.94211835
6993738111498,-9.890448,-3.6403837,4.1695023
6993937871415,-5.2899885,-19.904196,-2.007538
6994138537374,7.1885905,-8.487445,1.3970166
6994337981165,-2.433706,-10.238804,-3.2429461
6994538077166,-0.36990416,-8.143877,-6.59004
6994738639124,2.1380222,-9.463082,0.5602432
6994937877874,5.5162406,-5.8466406,-5.103241
6995137963582,-1.9416976,-15.216349,-3.3255463
6995339151958,3.276465,-5.547365,-3.5673606
6995538414958,3.940856,-12.508507,-5.2600613
6995738042249,13.725958,-27.455507,-2.7940333
6995938539208,-0.22984336,-4.6579194,-4.6591167
6996137491916,-7.0569096,-8.1343,-0.49559975
6996337883875,6.1926026,-6.563704,-4.2161894
6996538885041,0.8631097,-5.8921304,-5.9172697
6996738061708,-2.8323407,-7.1347213,-4.11683
6996937971667,-2.6515784,-7.5441294,8.300697
6997139025750,-0.21906945,-8.828619,-3.834314
6997337539250,2.9987376,-15.410279,-1.1372458
6997537908792,4.7896004,-6.465542,2.0530279
6997738367417,2.2397757,-10.052056,-7.433996
6997937673500,4.143166,-14.905103,-3.3279405
6998137512626,4.619612,-4.8386817,-7.192182
6998338248084,-1.340753,-14.516045,-4.687847
6998537846959,2.3930047,-9.927557,-7.038953
6998737928834,-0.9911995,-7.8410106,-5.163096
6998938995334,-0.36032736,-15.856798,-0.6835446
6999138054376,-8.319851,-4.373009,5.329493
6999338583918,-8.470686,-20.890608,-7.357382
6999538510626,6.8342485,-8.052897,0.58538234
6999737997501,-0.23822308,-9.598354,-3.7541082
6999937634126,0.8331822,-8.311471,-6.7492547
7000138236210,0.46806642,-10.350134,2.1428106
7000338447335,5.0038815,-5.3881507,-6.2165446
7000538015668,-0.30286652,-13.339294,-3.0597897
7000739089210,2.779668,-6.2644286,-4.238934
7000937459002,-0.03232172,-9.920375,-2.6898856
7001137611710,17.987637,-35.03555,-5.1906295
7001338762960,-5.4779334,-4.253299,-0.3866636
7001537970544,-4.9057193,-14.046782,-0.19632454
7001737580961,6.839037,-6.3470287,-0.044292733
7001938555461,0.29927522,-6.029797,-4.2161894
7002137776127,-2.2134395,-6.38773,-3.915717
7002337963919,-2.4133554,-7.57286,7.20535
7002539019961,-0.36870706,-7.431602,-4.525041
7002738121503,3.9959226,-14.809335,1.3192052
7002937862961,2.871845,-6.1746464,-3.6619315
7003138524711,1.7992426,-10.363302,-7.943961
7003337439378,4.1240125,-19.21227,-3.205836
7003537373795,0.20470424,-4.4316673,-7.2029557
7003726966837,-8.686164,-12.266692,-3.039439
7003926785462,4.938041,-8.440758,-3.5122938
7004126667503,-1.1240777,-5.0900726,-3.3051953
7004326714087,-3.0813377,-6.549339,-5.2301335
7004527017920,0.08020575,-9.082404,4.146757
7004726957879,3.4632127,-6.257246,-4.0701427
7004926855879,1.8686744,-15.043966,-3.333926
7005126890421,2.7257986,-5.3079453,-5.9867015
7005327070171,0.90740246,-10.860099,-5.591658
7005526509921,7.442376,-22.814348,-4.2760444
7005726776379,-0.32321724,-4.957195,-3.6391866
7005927232671,-4.8638206,-6.987478,-0.37708676
7006126639713,3.726575,-10.081984,-4.820725
7006327106671,-0.031124622,-5.6084175,-3.300407
7006526645005,-3.3602622,-6.63553,-4.489128
7006727115338,-2.3307555,-7.8912888,6.9862804
7006927076630,-0.50158525,-8.008605,-4.6459484
7007127187713,3.4991257,-9.32781,-1.2808979
7007326952505,4.297592,-6.68102,-6.8091097
7007527180255,1.423353,-9.598354,-4.832696
7007726828588,7.177817,-23.661896,-2.955642
7007927058797,0.19871874,-3.7481227,-5.0362034
7008126976214,-11.984177,-10.378864,-1.246182
7008327099297,4.1240125,-9.830592,0.017956512
7008527018506,-0.24779987,-5.4444146,-4.583699
7008726632839,-2.89459,-6.751649,-5.4911017
7008926973131,-3.0681696,-8.754398,7.8529816
7009126866964,0.7793127,-6.789956,-3.7086184
7009326907173,-0.260968,-15.857995,-2.8981812
7009527041923,4.0665517,-5.9543796,-5.3019595
7009726748464,0.2896984,-8.8777,-4.0701427
7009927547173,16.420631,-30.864851,1.389834
7010127000673,-0.142455,-4.197036,-1.1288661
7010327025465,-7.854179,-14.0803,0.533907
7010527151965,6.95755,-10.575189,-3.0131028
7010727083132,-0.70509243,-6.8067155,-3.799598
7010926617715,-0.7589619,-8.020576,-6.14831
7011127125673,-0.45370123,-10.951078,1.7681179
7011326786715,3.2668881,-5.5641246,-4.9583917
7011526944007,2.4971523,-9.751583,-1.7357962
7011727065674,4.55856,-5.8705826,-8.257602
7011927080715,-2.4971523,-9.623494,-2.1416135
7012127015299,12.643779,-21.76449,-6.4607534
7012327175049,-8.870518,-4.5753193,0.6715736
7012526458341,-11.088745,-20.434511,-5.395334
7012726937883,6.1112,-11.196485,0.21787235
7012927245091,2.3535004,-9.081207,-2.2134395
7013126943383,3.0873232,-9.193734,-7.7308774
7013326931466,2.4013844,-10.218452,-1.4975731
7013527026175,6.9838862,-5.4444146,-10.388441
7013726719716,-1.875857,-12.7096195,-2.9759927
7013927018550,3.016694,-6.077681,-8.198944
7014127156342,-0.09696517,-10.825383,-2.9281087
7014327010717,16.232687,-28.666973,-7.349002
7014527105383,-4.462792,-3.739743,0.17717093
7014726535883,-6.884527,-13.06875,-2.8862102
7014927016675,5.553351,-7.8517847,-1.2617443
7015127110675,-3.4129345,-8.055291,-2.9352913
7015327012925,1.4293385,-8.201338,-7.1191587
7015527028509,2.7389667,-10.71525,-0.08619126
7015727024092,5.886145,-6.6056023,-8.503007
7015927563134,-3.1172507,-14.147338,-2.5103204
7016127061384,3.6750996,-6.6989765,-6.6103907
7016327021843,-1.7788919,-7.5680714,-2.6874914
7016526617009,16.247053,-29.35411,-7.800309
7016727066051,-7.417237,-4.5753193,0.59495914
7016926855635,-9.076419,-19.34036,-2.1739352
7017127123510,5.1487308,-11.031284,-0.25617957
7017327412010,1.103727,-8.740033,-2.5809495
7017527026843,5.1559134,-9.751583,-10.593145
7017726658552,2.9724014,-11892,-2.0494366
7017926979010,5.424064,-5.2289367,-6.68102
7018126876510,-6.55293,-20.569784,-3.9073372
7018327055844,3.2788591,-7.8912888,-2.9855695
7018527471469,-0.21547815,-6.363788,-4.000711
7018726983010,-4.0282445,-8.141483,0.0023942017
7018927075885,-3.120842,-6.5625067,8.560468
7019127030969,-0.45968673,-8.147469,-6.578069
7019327001386,1.3036429,-14.757859,-1.5729905
7019527179594,3.6284127,-6.884527,-6.10282
7019727057844,0.8367735,-9.0716305,-5.753267
7019927222553,6.353014,-27.404032,-2.753332
7020126925469,-2.6910827,-4.7165775,-0.92057055
7020326486553,-6.2740054,-12.644977,-2.48159
7020527006053,6.659472,-10.432734,-0.9876082
7020727131095,-2.5474305,-7.2089415,-3.2213984
7020927134470,0.33638534,-8.400057,-6.637924
7021127007137,0.8487445,-11.613075,1.1959038
7021326722928,9.289502,-8.76637,-7.7452426
7021527001012,-1.1552023,-11.960235,-3.0597897
7021726639387,3.678691,-5.225345,-7.098808
7021927310887,-2.2517467,-9.683349,-3.7229836
7022126719970,18.16002,-32.205605,-7.9307933
7022326931220,-6.1064115,-4.200627,2.64679
7022526589262,-3.3518825,-16.749836,-5.877765
7022726595721,4.426879,-9.400833,3.1016884
7022927044179,-0.94211835,-7.9451585,-4.209007
7023127103137,-0.18555063,-6.9144545,-7.2819643
7023326999846,-1.2401965,-9.53012,8.418014
7023526924638,4.5118732,-5.6910176,-5.261258
7023727025804,-2.6036944,-13.576321,-2.767697
7023927037721,4.7261543,-6.1387334,-6.82946
7024127092430,-0.80205756,-9.270349,-3.2728736
7024327178596,19.27452,-36.936546,-0.6404489
7024527106430,-6.2632318,-5.17387,-0.37469256
7024726916222,-9.285912,-16.673222,-3.9324763
7024927158222,5.9519854,-10.796653,0.6715736
7025127062555,-0.19871874,-9.753978,-2.2230163
7025318147972,1.9812019,-8.170214,-9.167398
7025518305597,3.394978,-10.048465,-1.9369092
7025717561722,6.6870055,-5.9723363,-6.14831
7025917811389,-8.51019,-20.004753,-4.987122
7026118839306,3.2620997,-7.153875,-6.129156
7026317883806,-0.93852705,-7.101202,-5.2169657
7026517521097,-4.4316673,-8.520964,0.034715924
7026718573973,-6.3230867,-5.2995653,7.9691005
7026917980056,-4.6926355,-11.633426,-9.312247
7027117817181,4.626795,-11.677719,4.5022964
7027318192889,-1.8231846,-10.59554,9.321824
7027517528931,0.7433996,-8.016984,-7.890092
7027717988890,4.701015,-10.943896,-2.0446482
7027919009681,5.33069,-4.818331,-4.4208937
7028117670932,-5.257667,-18.021156,-4.200627
7028317839348,2.3139958,-6.3985043,-5.6467247
7028518301140,-0.78050977,-7.3442135,-6.39611
7028717852057,-4.461595,-9.504981,-0.8655039
7028918091015,-5.554548,-3.715801,8.388085
7029118833682,-8.032547,-21.522676,-9.640253
7029318058140,5.9124813,-10.199299,1.033098
7029518105182,1.4413095,-10.431537,-0.8415619
7029716466516,0.93254155,-8.652645,-8.550891
7029907233099,4.557363,-13.711593,-4.9176903
7030106338391,2.1284454,-6.999449,-7.7560163
7030307451974,-5.3498435,-15.143326,-2.2218192
7030499072933,4.177882,-8.586804,-2.3786395
7030696791933,1.3072342,-7.0329676,-3.9695864
7030877904433,1.8363527,-8.756793,-6.0836663
7031077533016,1.7357962,-8.331821,0.11492168
7031278288975,2.693477,-7.52737,-4.6471453
7031477712516,-0.39384618,-10.072407,-1.2150574
7031677930975,4.8159366,-5.2875943,-12.6354
7031878786725,1.1719618,-11.811794,-2.7952304
7032077481767,13.893553,-29.476213,-3.193865
7032277752309,-4.19943,-5.3522377,-3.0119057
7032478173725,-8.827422,-10.929531,-1.1300632
7032677546434,6.1279593,-7.1347213,1.2593501
7032877807100,-0.30286652,-6.667852,-2.7629087
7033078161309,-1.1312603,-6.2967505,-5.9160724
7033277920934,1.4221559,-8.65025,2.5378537
7033477836601,3.0933087,-6.0441623,-4.6591167
7033676516101,1.7441759,-9.551667,0.7733272
7033867026226,3.333926,-6.290765,-10.096349
7034067022518,-0.038307227,-10.989386,-1.174356
7034266777893,14.222755,-22.780828,-7.491457
7034467175685,-9.006987,-6.271611,1.6328455
7034666365768,-8.520964,-15.751453,-4.261679
7034867066893,4.794389,-6.59004,1.1563994
7035067697685,0.5674258,-8.112753,-4.4364557
7035266525393,-1.067814,-7.823054,-6.053739
7035466525935,1.8854338,-9.394848,0.9744401
7035666985018,4.4400473,-6.5241995,-3.064578
7035866821935,-1.0007763,-13.880384,-0.07062895
7036066894227,1.3299791,-5.895722,-3.2920272
7036267098810,3.3626564,-12.97777,-5.592855
7036466498269,2.183512,-22.171505,-6.1423244
7036667065519,2.731784,-4.435259,-9.846154
7036866834519,0.51235914,-9.742006,-1.4209588
7037066510936,1.5346833,-10.035296,-4.667496
7037266967519,-0.82719666,-6.1411276,-8.15106
7037467101894,-3.657143,-8.197746,-0.93254155
7037667051269,-4.1695023,-3.4680011,8.426393
7037866997520,-3.0621839,-12.393585,-7.8709383
7038067165895,4.1455603,-15.437813,1.2246342
7038267062270,0.38187516,-7.2664022,-1.1192893
7038466625645,3.0897174,-8.546103,-3.1986535
7038666698103,11.9853735,-22.828712,-4.2305546
7038867073770,-0.3878607,-4.104859,-4.358644
7039066960187,-4.2521024,-7.6865845,0.45609543
7039266381229,5.6108117,-7.5968018,-0.93134445
7039466456770,-0.47285482,-6.5840545,-3.9492357
7039667080687,-2.3211784,-6.939594,-0.90141696
7039867277645,-1.9883845,-7.824251,9.996989
7040067052396,-0.18195933,-9.11712,-5.3761797
7040267064937,2.8862102,-11.568783,4.0701427
7040467150812,3.3662477,-6.7360864,-4.0761285
7040666899229,3.8151605,-10.103531,-4.249708
7040866987896,16.488867,-27.502195,-1.5837644
7041067168604,-0.8487445,-5.1487308,-3.3602622
7041266766229,-8.192958,-11.789049,-2.2697031
7041466966730,5.816713,-9.218874,0.23223756
7041667173271,-2.2780828,-9.574412,-4.0138793
7041866669896,1.5574282,-9.822212,-5.8346696
7042067027105,2.3870192,-10.178948,-1.2797008
7042267086397,10.286688,-6.5936313,-10.060435
7042466877105,-5.565322,-14.83208,-5.6563015
7042666880897,1.8986019,-7.991845,-7.1909847
7042867156147,1.8579005,-6.362591,-8.141483
7043066963814,-3.1639376,-6.159084,-2.1068976
7043267045480,-2.1260512,-6.7743936,11.938686
7043467159231,-1.055843,-8.542512,-2.3235726
7043666994981,3.1304188,-14.624981,1.1204864
7043866977272,5.081693,-7.395689,-5.2325277
7044067078356,3.086126,-10.594342,-3.6535518
7044266971606,22.029049,-26.980259,-5.0864816
7044467063773,-3.6499605,-6.7624226,-3.9755719
7044666515314,-7.1371155,-14.721947,-0.9588778
7044866922731,7.21373,-8.295909,-1.2737153
7045066912898,-0.8678981,-8.821436,-3.9384618
7045267155356,3.0142999,-9.648633,-8.040926
7045467060981,2.6755204,-10.957064,-1.1779473
7045666296898,6.7887588,-6.077681,-9.100361
7045866570732,-2.0506337,-15.720328,-5.3043537
7046066415565,2.6372132,-8.25401,-4.64116
7046266372274,0.45848963,-6.645107,-6.7372837
7046466666065,-3.5170822,-6.4128695,-2.7688942
7046666966190,-2.3199813,-7.6267295,9.309854
7046866896232,0.439336,-7.457938,-1.5143325
7047067157316,3.0777464,-10.333375,0.49559975
7047266995732,3.7325604,-6.3206925,-3.0262709
7047466918441,1.7585411,-10.216059,-3.728969
7047666811608,18.503588,-30.776266,-4.900931
7047867046774,-4.939238,-6.7348895,-2.3714569
7048066439691,-5.935226,-14.121001,-2.147599
7048267131191,6.2967505,-11.443087,-0.34835634
7048467063691,0.4381389,-11.347319,1.8267759
7048666787525,2.7365725,-10.0987425,-6.6965823
7048867418150,1.780089,-10.645818,-3.2321723
7049067030775,9.415198,-7.1945763,-8.123527
7049266874817,-5.2768207,-15.367184,-4.984728
7049467145317,0.9888053,-7.2065473,-5.0960584
7049667911442,0.35913026,-7.2544312,-6.2141504
7049866706900,-2.6803088,-6.5984197,-2.0494366
7050067766484,-5.067328,-4.8135424,7.339425
7050267038609,-4.5418005,-13.280637,-6.6283474
7050466647692,4.8877625,-10.164583,3.252523
7050667473984,0.7577648,-7.9810715,4.7297454
7050867830026,1.5275006,-10.196905,-6.8653736
7051067266359,3.78643,-19.904196,-5.1786585
7051267529901,1.0235212,-4.818331,-7.9954367
7051466621234,-4.734534,-10.643424,-1.0965444
7051666855484,3.442862,-8.763975,-3.6846764
7051866870651,0.7433996,-6.685808,-4.307169
7052067011276,-1.5454572,-7.2089415,-5.3522377
7052267128235,-1.6783354,-9.587581,12.3876
7052466740526,1.839944,-6.906075,-2.2936451
7052666553902,-0.5781997,-14.172477,-3.3387144
7052866951735,3.903746,-5.647922,-8.580819
7053067059068,0.44771573,-10.5680065,-2.360683
7053267020860,6.9587474,-18.953697,-4.408922
7053466958152,-7.3897038,-5.5485625,2.4432828
7053667682027,-6.9371996,-18.409018,-2.634819
7053866835819,7.3968863,-10.34774,0.6584055
7054066945819,-5.872977,-11.677719,16.754623
7054266974027,1.2318168,-9.233239,-7.0245876
7054466908444,3.2345665,-10.425551,-2.3642743
7054666838194,6.597223,-4.891354,-8.349778
7054867198403,-4.0701427,-18.516756,-5.6215854
7055066531611,2.6767175,-7.9272017,-3.7421372
7055266994361,0.9792285,-6.7085533,-6.364985
7055467369820,-2.0649989,-4.9703627,-1.946486
7055667002195,-3.867833,-5.899313,6.457162
7055866992695,0.48003745,-7.433996,-3.1663318
7056067058112,1.7238252,-13.22557,2.6767175
7056266771237,3.2908301,-6.506243,-5.9926867
7056467014028,1.8590976,-10.405201,-5.0254292
7056667073237,11.804611,-26.539726,-3.5565867
7056866927487,-1.2210429,-5.887342,-3.0969
7057066600070,-8.380903,-10.850522,-0.93014735
7057266731404,5.2277393,-9.099164,-0.34596214
7057466855237,0.2765303,-9.14226,-3.716998
7057666787654,2.5378537,-9.539697,-6.694188
7057867003987,2.6192567,-9.94312,-4.2102036
7058066422154,8.449138,-4.8422728,-8.111555
7058266759238,-6.43322,-14.805743,-3.894169
7058466518696,1.8411411,-6.602011,-4.7896004
7058666301904,0.93613285,-6.30513,-6.197391
7058866651613,-3.084929,-7.347805,-1.9452889
7059066751196,-2.006341,-5.5760956,12.61026
7059266935363,-2.2589293,-9.980229,-7.27957
7059466567113,4.256891,-9.545682,4.903325
7059666960155,2.767697,-6.622362,-6.7612257
7059867029572,3.4237084,-10.769119,-4.128801
7060067016238,7.475895,-25.256433,-4.1132383
7060267040739,-1.5729905,-5.783194,-2.5510218
7060466453530,-6.646304,-9.601946,0.91099375
7060666803905,4.6471453,-7.9714947,-0.20470424
7060866956447,-1.3383588,-8.0445175,-5.4863133
7061067055864,-1.1432313,-9.070433,-5.427655
7061266840906,1.5478514,-9.763555,-0.50757074
7061467053114,3.5218706,-5.505467,-4.3742065
7061657469573,-7.5824366,-16.347609,-3.7481227
7061857914781,2.1428106,-6.754043,-6.941988
7062058419073,-1.9596541,-9.702502,-3.0550013
7062258263739,-1.8722657,-8.60117,-3.7014358
7062458542990,-7.654263,-4.0892963,8.255207
7062656563323,-8.699332,-19.376274,-8.41921
7062846779948,3.7565024,-10.643424,3.6966474
7063046887115,1.7657237,-7.1227503,-2.9317
7063246625990,1.8255788,-11.905168,-6.14831
7063446868157,3.5613751,-19.114109,-5.374983
7063646633032,2.7880478,-5.887342,-13.3943615
7063837883240,-3.774459,-10.674548,-0.3878607
7064038086907,2.835932,-7.041347,-2.0961237
7064237817574,-1.2952632,-7.4136457,-3.8474822
7064437933282,-2.1894975,-7.321469,-3.8989575
7064639471907,-0.07062895,-8.821436,10.223241
7064837969699,1.2629414,-6.43322,-3.2812533
7065037963074,1.4317327,-11.848905,1.0773908
7065238470116,2.112883,-6.5948286,-8.53892
7065437398574,1.1180922,-10.426748,-4.701015
7065638026741,13.263878,-26.985048,-4.4580035
7065838338658,-1.6567876,-4.859032,-1.9620483
7066037463825,-8.72088,-9.038112,-2.5594015
7066237909825,2.5222914,-8.688558,-0.075417355
7066438717075,-0.17597382,-7.577648,-5.0302176
7066637427367,-1.3850456,-8.182184,-5.0757074
7066837887825,1.5957354,-9.11712,2.2840683
7067038048617,0.8355764,-5.1475334,-3.2453403
7067237555909,-0.61770403,-10.590752,-0.35075054
7067437729992,3.454833,-5.731719,-6.8162923
7067637971950,-1.8351556,-10.360908,-2.3199813
7067837811659,6.5241995,-18.631678,-4.459201
7068038005576,-8.462306,-3.9252937,1.8124107
7068238864034,-6.5349736,-12.504915,-2.681506
7068437983117,4.158728,-10.30225,0.2813187
7068637531409,1.9165585,-8.652645,-4.0066967
7068838483159,-0.29927522,-8.7771435,-6.019023
7069037915409,2.2888567,-10.527305,-1.9967642
7069237675909,7.0688806,-5.342661,-6.9491706
7069426498326,-4.9164934,-14.792575,-3.5865142
7069627039160,1.033098,-7.195773,-5.2528787
7069826216493,-0.17118542,-6.4858923,-6.579266
7070026955243,-2.5809495,-7.2268977,0.10654198
7070227138285,-10.308235,-4.619612,10.177752
7070426909618,-2.6360161,-11.128249,-5.2085857
7070626934493,2.2864625,-8.89446,2.3558946
7070827030452,1.7022774,-7.630321,-5.046977
7071026526077,0.961272,-8.143877,-3.0466216
7071226910285,13.280637,-23.367409,-2.067393
7071427194952,-3.0561984,-4.596867,-1.3024458
7071626231202,-9.698911,-14.329297,0.272939
7071826849994,5.407305,-9.151836,-1.3634979
7072027135119,-2.1308396,-8.505402,-4.5501804
7072217756453,0.2789245,-9.065644,-6.349423
7072417815119,2.4851813,-11.221623,-1.7118542
7072618281869,8.306683,-4.298789,-6.9719152
7072817824328,-3.0478187,-15.180436,-2.966416
7073017680036,3.1543608,-6.3566055,-5.41329
7073218441828,-1.3060371,-6.611588,-6.9719152
7073417664245,-3.3159695,-8.220491,-0.32800564
7073618205828,-7.005434,-3.1387985,7.49026
7073819425203,-4.2676644,-12.191275,-7.2819643
7074017778953,3.3650506,-9.186552,3.321955
7074217864204,-0.30166942,-10.766725,5.6670756
7074418643995,0.5746084,-8.030152,-5.3857565
7074618190912,1.6352397,-15.261839,-4.4017396
7074817911620,2.160767,-3.9971197,-4.972757
7075018629954,-3.7984009,-13.00291,-4.5561657
7075217875621,2.610877,-5.6335564,-2.8550856
7075417946204,0.92775315,-5.967548,-6.789956
7075619017579,-2.9245174,-8.732851,-1.7046716
7075818047204,-2.540248,-4.5501804,8.056489
7076018046079,-0.7565677,-8.814254,-8.483853
7076218515996,3.0909145,-8.371326,1.8686744
7076417976413,1.4532804,-7.1586633,-6.0142345
7076617501746,3.1723173,-10.286688,-4.736928
7076818408163,9.959879,-25.49825,-4.308366
7077018150747,-0.45609543,-5.695806,-5.6419363
7077217808122,-8.322245,-8.307879,0.58657944
7077418859122,4.392163,-8.682572,-1.4329298
7077618044663,-0.50517654,-8.110358,-5.767632
7077818073789,-1.7621324,-9.3733,-4.68665
7078018259705,2.80361,-10.577583,-0.9600749
7078218060039,5.7245364,-5.5018754,-6.4188547
7078418322247,-0.81402856,-11.56998,-0.2657564
7078618608331,1.7046716,-5.66109,-5.0984526
7078817606581,0.08259996,-8.651448,-5.0158525
7079018163206,-3.6942532,-9.143456,-1.0486604
7079219007123,-5.4085016,-2.954445,7.4723034
7079418212373,-6.9958572,-18.380287,-8.573636
7079617727498,4.4017396,-15.261839,-0.7553706
7079818805831,-0.58538234,-9.384073,4.2664676
7080018074123,5.422867,-9.2787285,-7.237672
7080217838873,0.8475474,-18.574217,-3.9013517
7080418305248,3.4213142,-7.723695,-13.31655
7080617601540,-4.52145,-8.034941,-4.382586
7080818280873,2.883816,-8.719683,-3.690662
7081019121707,-0.16519992,-7.536947,-5.7005944
7081217907957,-2.195483,-8.280347,-5.2157683
7081417840082,2.2002714,-9.774328,-0.33758244
7081618530874,3.4093432,-4.799177,-3.9995139
7081817921999,-0.45729253,-12.194866,-1.9907787
7082017934624,2.2361844,-5.651513,-7.004237
7082218772124,-0.49081135,-8.583213,-3.0825348
7082417886416,-0.9935937,-15.272613,-3.964798
7082617958958,-10.147824,-4.489128,4.309563
7082819738999,-6.1423244,-19.965248,-2.2589293
7083017947041,5.973533,-11.235989,-0.24301147
7083218005124,-1.3096284,-12.917915,9.221268
7083418315541,2.9101522,-8.160637,-6.9252286
7083617822291,2.8682537,-14.251486,-2.6767175
7083817572458,5.6658783,-5.9304376,-10.80623
7084018267833,-0.7529764,-5.839458,-1.9979613
7084217650083,2.44448,-9.902418,-3.7373488
7084417977042,-0.7086837,-6.9731126,-5.4671597
7084619117917,-1.6077064,-7.9990277,-4.533421
7084817979709,0.9720459,-8.674192,-0.04070143
7085018025959,3.0825348,-5.99149,-4.5382094
7085218548417,-5.6335564,-17.484856,-2.6396074
7085417727292,1.7681179,-6.956353,-5.4922986
7085617508667,-1.1791444,-7.789535,-3.5338416
7085818669376,-2.670732,-7.797915,-2.243367
7086018035459,-1.5741876,-5.985504,9.526528
7086218039793,-1.5598224,-8.274361,-7.3645644
7086419061668,3.5422213,-8.775947,2.493561
7086618094293,2.3211784,-6.429629,-7.587225
7086818020501,1.1647792,-10.250774,-2.2505496
7087018453210,18.218678,-22.731749,-4.650737
7087218043543,-5.4982843,-5.378574,1.328782
7087418124835,-5.99149,-17.100586,-3.3267434
7087618577668,6.7612257,-11.255142,-0.05865794
7087818077835,-3.4105403,-12.246342,17.265785
7088018097210,3.1603463,-9.143456,-10.241198
7088219073044,2.1775265,-13.454216,-2.1906946
7088417813127,4.7536874,-7.231686,-7.1622543
7088617945210,-6.8905125,-9.996989,-4.844667
7088818414960,3.122039,-9.54209,0.22744916
7089018395919,1.0462662,-8.334216,-4.2580876
7089218200336,2.1811178,-9.57561,-7.475895
7089418544044,2.1559787,-9.512163,-0.46447513
7089617577003,5.0397944,-7.351396,-6.147113
7089817570586,-1.7142484,-12.504915,-4.4903255
7090019186336,2.634819,-9.081207,-0.6907272
7090219390378,0.18674773,-8.14268,-4.7285485
7090417554211,0.7769185,-8.967483,-6.220136
7090618333378,1.578976,-9.938332,0.32441434
7090817647128,0.9636662,-10.180145,-3.7325604
7091017884295,0.92655605,-7.7667904,-1.30484
7091218621587,1.7274165,-8.1558485,0.38307226
7091418335128,0.06943185,-9.674969,-1.9141643
7091617987837,0.48243165,-9.731233,-1.1001357
7091819088629,-0.11133038,-9.713276,-1.7226281
7092017554295,-0.44771573,-9.830592,-0.78170687
7092218120879,-0.19393034,-9.957485,-1.1192893
7092418882962,0.16639702,-6.8785415,-0.7086837
7092617563796,0.094570965,-9.065644,-0.6679823
7092818041837,-0.81283146,-9.768343,-1.4939818
7093018627754,3.1830912,-9.272743,-1.0474633
7093217898671,-0.18794483,-9.722853,-0.015562311
7093418236546,-2.4636335,-11.463438,0.11611878
7093619451963,0.2801216,-9.873688,-1.4077905
7093817987088,0.044292733,-11.259931,-3.05141
7094018113005,1.055843,-8.192958,0.17238252
7094218238338,0.21188685,-8.919599,2.3942018
7094418140921,3.1304188,-12.0571995,-0.79846627
7094618068672,15.598224,-6.661866,-8.632295
7094818970130,5.199009,-4.3275194,-2.5929205
7095018026297,5.255273,-3.70383,-3.4201171
7095218167547,12.138602,2.9867666,1.9500773
7095417256589,9.266758,4.620809,1.7848774
7095607885089,8.3390045,4.5621514,5.604826
7095806867214,1.3910311,1.9428947,8.371326
7096006804839,6.187814,3.582923,7.277176
7096206976256,1.5394717,3.3626564,11.510124
7096397938672,-0.16160862,2.372654,11.518504
7096597384131,-1.5358804,2.6910827,8.892065
7096797866631,1.0881647,2.4313118,11.700463
7096997335839,0.961272,3.66672,10.860099
7097186842464,0.415394,3.608062,10.141838
7097386938506,1.8614918,6.2165446,9.657013
7097586920881,-0.7386112,3.8881836,9.752781
7097786936215,-0.25617957,4.770447,8.772355
7097986932173,-2.0745757,4.6830587,7.765593
